shortOperatorName,lineName,hafasLineId
agilis,RB 15,rb15
agilis,RB 17,rb17
agilis,RB 18,rb18
agilis,RB 21,rb21
agilis,RB 22,rb22
agilis,RB 24,rb24
agilis,RB 26,rb26
agilis,RB 34,rb34
agilis,RB 51,rb51
agilis,RB 95,rb95
agilis,RB 96,rb96
agilis,RB 97,rb97
agilis,RB 98,rb98
agilis,RB 99,rb99
agilis,RE 18,re18
agilis,RE 22,re22
agilis,RE 50,re50
alex-dlb,RE 23,re23
alex-dlb,RE 25,re25
ams,S7,s7
arverio-bw,RE 1,re1
arverio-bw,MEX 13,mex13
arverio-bw,MEX 16,mex16
arverio-bw,RE 8,re8
arverio-bw,RB 8,rb8
arverio-bw,RE 90,re90
arverio-by,RB86,rb86
arverio-by,RB87,rb87
arverio-by,RB89,rb89
arverio-by,RB92,rb92
arverio-by,RE72,re72
arverio-by,RE80,re80
arverio-by,RE89,re89
arverio-by,RE9,re9
arverio-by,RE96,re96
avv-ast,70,3-avvbus-70
avv-ast,71,3-avvbus-71
avv-ast,72,3-avvbus-72
avv-ast,73,3-avvbus-73
avv-ast,74,3-avvbus-74
avv-ast,76,3-avvbus-76
avv-ast,78,3-avvbus-78
avv-avg,1,8-svastr-1
avv-avg,2,8-svastr-2
avv-avg,3,8-svastr-3
avv-avg,4,8-svastr-4
avv-avg,6,8-svastr-6
avv-avg,21,5-svabus-21
avv-avg,22,5-svabus-22
avv-avg,23,5-svabus-23
avv-avg,24,5-svabus-24
avv-avg,25,5-svabus-25
avv-avg,29,5-svabus-29
avv-avg,30,5-svabus-30
avv-avg,31,5-svabus-31
avv-avg,32,5-svabus-32
avv-avg,33,5-svabus-33
avv-avg,35,5-svabus-35
avv-avg,36,5-svabus-36
avv-avg,37,5-svabus-37
avv-avg,38,5-svabus-38
avv-avg,41,5-svabus-41
avv-avg,42,5-svabus-42
avv-avg,43,5-svabus-43
avv-avg,44,5-svabus-44
avv-avg,48,5-svabus-48
avv-avg,90,5-svabus-90
avv-avg,91,5-svabus-91
avv-avg,92,5-svabus-92
avv-avg,93,5-svabus-93
avv-avg,94,5-svabus-94
avv-dmm,592,5-omp014-592
avv-egb,596,5-omp024-596
avv-gvg,27,5-avvbus-27
avv-gvg,51,5-avvbus-51
avv-gvg,52,5-avvbus-52
avv-gvg,54,5-avvbus-54
avv-gvg,55,5-avvbus-55
avv-gvg,56,5-avvbus-56
avv-gvg,57,5-avvbus-57
avv-gvg,58,5-avvbus-58
avv-gvg,59,5-avvbus-59
avv-gvg,95,5-avvbus-95
avv-rba,291,5-avvbus-291
avv-rba,797,5-avvbus-797
avv-sbk,798,5-avvbus-798
avv-zzz,395,5-avvbus-395
avv-zzz,694,5-avvbus-694
bayerische-zugspitzbahn,RB 64,rb64
bentheimer-eisenbahn,RB56,rb56
bob,RB91,rb91
bodo-buchmann,1 Blau,5-bod001-1Blau
bodo-buchmann,2 Rot,5-bod001-2Rot
bodo-buchmann,3 Gruen,5-bod001-3Gruen
bodo-buchmann,4 Gelb,5-bod001-4Gelb
bodo-buchmann,90,5-bod016-90
bodo-buchmann,92,5-bod016-92
bodo-buchmann,120,5-bod016-120
bodo-buchmann,7572,5-bod016-7572
bodo-buehler,40,5-bod002-40
bodo-buehler,41,5-bod002-41
bodo-buehler,44,5-bod002-44
bodo-buehler,45,5-bod002-45
bodo-buehler,240,5-bod002-240
bodo-buehler,685,5-bod002-685
bodo-burkhard,11,5-bod034-11
bodo-burkhard,12,5-bod034-12
bodo-burkhard,22,5-bod034-22
bodo-burkhard,111,5-bod034-111
bodo-burkhard,112,5-bod034-112
bodo-burkhard,113,5-bod034-113
bodo-burkhard,122,5-bod034-122
bodo-burkhard,141,5-bod034-141
bodo-burkhard,181,5-bod034-181
bodo-burkhard,R40,5-bod034-R40
bodo-burkhard,R41,5-bod034-R41
bodo-burkhard,S40,5-bod034-S40
bodo-burkhard,S41,5-bod034-S41
bodo-ehrmann,111,5-bod003-111
bodo-ehrmann,7549,5-bod003-7549
bodo-grabherr,290,5-bod002-290
bodo-hutter,134,5-bod006-134
bodo-hutter,135,5-bod006-135
bodo-hutter,7569,5-bod006-7569
bodo-mueller,30/1,5-bod008-30/1
bodo-mueller,31,5-bod008-31
bodo-mueller,32,5-bod008-32
bodo-mueller,33/5,5-bod008-33/5
bodo-mueller,33/7,5-bod008-33/7
bodo-mueller,33/8,5-bod008-33/8
bodo-mueller,34,5-bod008-34
bodo-mueller,R30,5-bod008-R30
bodo-rab,1,5-rabrab-1
bodo-rab,3,5-rabrab-3
bodo-rab,4,5-rabrab-4
bodo-rab,5,5-rabrab-5
bodo-rab,6,5-rabrab-6
bodo-rab,7A,5-rabrab-7A
bodo-rab,14,5-rabrab-14
bodo-rab,15,5-rabrab-15
bodo-rab,16,5-rabrab-16
bodo-rab,20,5-rabrab-20
bodo-rab,21,5-rabrab-21
bodo-rab,110,5-rabrab-110
bodo-rab,111,5-rabrab-111
bodo-rab,161,5-rabrab-161
bodo-rab,211,5-rabrab-211
bodo-rab,634,5-rabrab-634
bodo-rab,677,5-rabrab-677
bodo-rab,680,5-rabrab-680
bodo-rab,685,5-rabrab-685
bodo-rab,700,5-rabrab-700
bodo-rab,731,5-rabrab-731
bodo-rab,732,5-rabrab-732
bodo-rab,733,5-rabrab-733
bodo-rab,7377,5-rabrab-7377
bodo-rab,7379,5-rabrab-7379
bodo-rab,7380,5-rabrab-7380
bodo-rab,7381,5-rabrab-7381
bodo-rab,7382,5-rabrab-7382
bodo-rab,7383,5-rabrab-7383
bodo-rab,7384,5-rabrab-7384
bodo-rab,7385,5-rabrab-7385
bodo-rab,7389,5-rabrab-7389
bodo-rab,7392,5-rabrab-7392
bodo-rab,7394,5-rabrab-7394
bodo-rab,7395,5-rabrab-7395
bodo-rab,7396,5-rabrab-7396
bodo-rab,7397,5-rabrab-7397
bodo-rab,7534,5-rabrab-7534
bodo-rab,7535,5-rabrab-7535
bodo-rab,7537,5-rabrab-7537
bodo-rab,7539,5-rabrab-7539
bodo-rab,7543,5-rabrab-7543
bodo-rab,7544,5-rabrab-7544
bodo-rab,7546,5-rabrab-7546
bodo-rab,7547,5-rabrab-7547
bodo-rab,7550,5-rabrab-7550
bodo-rab,7551,5-rabrab-7551
bodo-rab,7552,5-rabrab-7552
bodo-rab,7554,5-rabrab-7554
bodo-rab,7567,5-rabrab-7567
bodo-rab,7567.1,5-rabrab-7567
bodo-rab,7571,5-rabrab-7571
bodo-rab,7587,5-rabrab-7587
bodo-rab,N 4,5-rabrab-n4
bodo-rab,R45,5-rabrab-r45
bodo-rab,R65,5-rabrab-r65
bodo-rab,R70,5-rabrab-r70
bodo-rab,R80,5-rabrab-r80
bodo-rab,R90,5-rabrab-r90
bodo-rab,S30,5-rabrab-s30
bodo-rab,S95,5-rabrab-s95
bodo-rba,19,5-rabrab-19
bodo-rba,192,5-rabrab-192
bodo-reisch,12,5-bod004-12
bodo-reisch,R60,5-bod004-r60
bodo-schuler,101,5-bod004-101
bodo-schuler,102,5-bod004-102
bodo-schuler,103,5-bod004-103
bodo-schuler,104,5-bod004-104
bodo-schuler,105.1,5-bod004-105.1
bodo-schuler,105.2,5-bod004-105.2
bodo-sohler,13,5-bod016-13
bodo-sohler,14,5-bod016-14
bodo-sohler,15,5-bod016-15
bodo-sohler,17,5-bod016-17
bodo-sohler,132,5-bod016-132
bodo-sohler,133,5-bod016-133
bodo-sohler,151,5-bod016-151
bodo-sonstige,449,5-bod050-449
bodo-sonstige,626,5-ald020-626
bodo-sonstige,670,5-ald020-670
bodo-sonstige,696,5-ald020-696
bodo-stadtverkehr-fhafen,1,5-bod017-1
bodo-stadtverkehr-fhafen,2,5-bod017-2
bodo-stadtverkehr-fhafen,3,5-bod017-3
bodo-stadtverkehr-fhafen,4,5-bod017-4
bodo-stadtverkehr-fhafen,5,5-bod017-5
bodo-stadtverkehr-fhafen,6,5-bod017-6
bodo-stadtverkehr-fhafen,10,5-bod017-10
bodo-stadtverkehr-fhafen,11,5-bod017-11
bodo-stadtverkehr-fhafen,12,5-bod017-12
bodo-stadtverkehr-fhafen,13,5-bod017-13
bodo-stadtverkehr-fhafen,14,5-bod017-14
bodo-stadtverkehr-fhafen,15,5-bod017-15
bodo-stadtverkehr-fhafen,16,5-bod017-16
bodo-stadtverkehr-fhafen,E3,5-bod017-e3
bodo-stadtverkehr-fhafen,E11,5-bod017-e11
bodo-stadtverkehr-fhafen,E13,5-bod017-e13
bodo-stadtverkehr-fhafen,E15,5-bod017-e15
bodo-stadtverkehr-fhafen,E16,5-bod017-e16
bodo-stadtverkehr-fhafen,MX,5-bod017-mX
bodo-stadtverkehr-fhafen,X12,5-bod017-x12
bodo-stadtverkehr-fhafen,X14,5-bod017-x14
bodo-stadtverkehr-isny,74,5-bod012-74
bodo-stadtverkehr-lindau,1,5-bod031-1
bodo-stadtverkehr-lindau,2,5-bod031-2
bodo-stadtverkehr-lindau,3,5-bod031-3
bodo-stadtverkehr-lindau,4,5-bod031-4
bodo-stadtverkehr-lindau,5,5-bod031-5
bodo-stadtwerke-ueberlingen,1,5-bod015-1
bodo-stadtwerke-ueberlingen,2,5-bod015-2
bodo-stadtwerke-ueberlingen,3,5-bod015-3
bodo-stadtwerke-ueberlingen,4,5-bod015-4
bodo-stadtwerke-ueberlingen,5,5-bod015-5
bodo-stadtwerke-ueberlingen,6,5-bod015-6
bodo-stadtwerke-ueberlingen,7,5-bod015-7
bodo-stadtwerke-ueberlingen,14,5-bod015-14
bodo-strauss,1,5-bod018-1
bodo-strauss,2,5-bod018-2
bodo-strauss,220,5-bod018-220
bodo-strauss,221,5-bod018-221
bodo-strauss,221/4,5-bod018-221/4
bodo-strauss,222,5-bod018-222
bodo-strauss,224,5-bod018-224
bodo-strauss,225,5-bod018-225
bodo-strauss,226,5-bod018-226
bodo-strauss,227,5-bod018-227
bodo-strauss,229,5-bod018-229
bodo-strauss,235,5-bod018-235
bodo-strauss,238,5-bod018-238
bodo-strauss,239,5-bod018-239
bodo-strauss,246,5-bod018-246
bodo-strauss,2240,5-bod018-2240
bodo-strauss,N3,5-bod018-n3
bodo-vb-schussental,20,5-bod018-20
bodo-vb-schussental,21,5-bod018-21
bodo-volk,80/81,5-bod018-80/81
bodo-volk,82,5-bod018-82
bodo-volk,83,5-bod018-83
brb,RB 13,rb13
brb,RB 14,rb14
brb,RB 53,rb53
brb,RB 54,rb54
brb,RB 55,rb55
brb,RB 56,rb56
brb,RB 57,rb57
brb,RB 58,rb58
brb,RB 67,rb67
brb,RB 68,rb68
brb,RB 69,rb69
brb,RB 77,rb77
brb,RB 83,rb83
brb,RE 5,re5
brb,S3,s3
brb,S4,s4
cantus,RB5,re5
cantus,RB6,rb5
cantus,RB83,rb6
cantus,RB87,rb83
cantus,RE5,rb87
ceske-drahy,RE 25,ex352
cfl,RE 11,re11
cfl,RB 83,rb83
cfl,RB 87,rb87
db-fernverkehr-ag,RE 87,re87
db-regio-ag-baden-wurttemberg,RE 2,re2
db-regio-ag-baden-wurttemberg,RE 3,re3
db-regio-ag-baden-wurttemberg,RB 3,rb3
db-regio-ag-baden-wurttemberg,RE 4,re4
db-regio-ag-baden-wurttemberg,RE 5,re5
db-regio-ag-baden-wurttemberg,RE 6,re6
db-regio-ag-baden-wurttemberg,RB 6,rb6
db-regio-ag-baden-wurttemberg,RE 7,re7
db-regio-ag-baden-wurttemberg,RE 14a,re14a
db-regio-ag-baden-wurttemberg,RB 14a,rb14a
db-regio-ag-baden-wurttemberg,RE 14b,re14b
db-regio-ag-baden-wurttemberg,RB 14b,rb14b
db-regio-ag-baden-wurttemberg,MEX 19,mex19
db-regio-ag-baden-wurttemberg,RB 26,rb26
db-regio-ag-baden-wurttemberg,RB 27,rb27
db-regio-ag-baden-wurttemberg,RB 28,rb28
db-regio-ag-baden-wurttemberg,RB 30,rb30
db-regio-ag-baden-wurttemberg,RB 31,rb31
db-regio-ag-baden-wurttemberg,RE 31,re31
db-regio-ag-baden-wurttemberg,RB 32,rb32
db-regio-ag-baden-wurttemberg,RB 37,rb37
db-regio-ag-baden-wurttemberg,RB 42,rb42
db-regio-ag-baden-wurttemberg,RE 50,re50
db-regio-ag-baden-wurttemberg,RB 52,rb52
db-regio-ag-baden-wurttemberg,RB 53,rb53
db-regio-ag-baden-wurttemberg,RE 55,re55
db-regio-ag-baden-wurttemberg,RB 55,rb55
db-regio-ag-baden-wurttemberg,RB 63,rb63
db-regio-ag-baden-wurttemberg,RB 68,rb68
db-regio-ag-baden-wurttemberg,RB 72,rb72
db-regio-ag-baden-wurttemberg,RB 74,rb74
db-regio-ag-baden-wurttemberg,RB 91,rb91
db-regio-ag-baden-wurttemberg,RB 93,rb93
db-regio-ag-baden-wurttemberg,RE 93,re93
db-regio-ag-baden-wurttemberg,MEX 90,mex90
db-regio-ag-baden-wurttemberg,RE 200,re200
db-regio-bayern,RB 6,rb6
db-regio-bayern,RB 10,rb10
db-regio-bayern,RB 11,rb11
db-regio-bayern,RB 12,rb12
db-regio-bayern,RB 16,rb16
db-regio-bayern,RB 21,rb21
db-regio-bayern,RB 25,rb25
db-regio-bayern,RB 30,rb30
db-regio-bayern,RB 31,rb31
db-regio-bayern,RB 33,rb33
db-regio-bayern,RB 53,rb53
db-regio-bayern,RB 60,rb60
db-regio-bayern,RB 61,rb61
db-regio-bayern,RB 62,rb62
db-regio-bayern,RB 63,rb63
db-regio-bayern,RB 65,rb65
db-regio-bayern,RB 66,rb66
db-regio-bayern,RB 73,rb73
db-regio-bayern,RB 74,rb74
db-regio-bayern,RB 78,rb78
db-regio-bayern,RB 79,rb79
db-regio-bayern,RB 80,rb80
db-regio-bayern,RB 81,rb81
db-regio-bayern,RB 82,rb82
db-regio-bayern,RB 85,rb85
db-regio-bayern,RB 91,rb91
db-regio-bayern,RB 94,rb94
db-regio-bayern,RE 1,re1
db-regio-bayern,RE 2,re2
db-regio-bayern,RE 3,re3
db-regio-bayern,RE 7,re7
db-regio-bayern,RE 10,re10
db-regio-bayern,RE 14,re14
db-regio-bayern,RE 16,re16
db-regio-bayern,RE 17,re17
db-regio-bayern,RE 19,re19
db-regio-bayern,RE 20,re20
db-regio-bayern,RE 22,re22
db-regio-bayern,RE 28,re28
db-regio-bayern,RE 29,re29
db-regio-bayern,RE 30,re30
db-regio-bayern,RE 31,re31
db-regio-bayern,RE 32,re32
db-regio-bayern,RE 33,re33
db-regio-bayern,RE 35,re35
db-regio-bayern,RE 38,re38
db-regio-bayern,RE 40,re40
db-regio-bayern,RE 41,re41
db-regio-bayern,RE 43,re43
db-regio-bayern,RE 47,re47
db-regio-bayern,RE 50,re50
db-regio-bayern,RE 54,re54
db-regio-bayern,RE 55,re55
db-regio-bayern,RE 60,re60
db-regio-bayern,RE 61,re61
db-regio-bayern,RE 62,re62
db-regio-bayern,RE 70,re70
db-regio-bayern,RE 71,re71
db-regio-bayern,RE 73,re73
db-regio-bayern,RE 75,re75
db-regio-bayern,RE 76,re76
db-regio-bayern,RE 79,re79
db-regio-mitte,RE1,re1
db-regio-mitte,RE2,re2
db-regio-mitte,RE4,re4
db-regio-mitte,RE6,re6
db-regio-mitte,RE11,re11
db-regio-mitte,RE14,re14
db-regio-mitte,RE16,re16
db-regio-mitte,RE18,re18
db-regio-mitte,RE19,re19
db-regio-mitte,RE20,re20
db-regio-mitte,RE25,re25
db-regio-mitte,RB22,rb22
db-regio-mitte,RB23,rb23
db-regio-mitte,RE30,re30
db-regio-mitte,RB34,rb34
db-regio-mitte,RE40,re40
db-regio-mitte,RB41,rb41
db-regio-mitte,RB44,rb44
db-regio-mitte,RE45,re45
db-regio-mitte,RB45,rb45
db-regio-mitte,RB46,rb46
db-regio-mitte,RE50,re50
db-regio-mitte,RB51,rb51
db-regio-mitte,RB52,rb52
db-regio-mitte,RB53,rb53
db-regio-mitte,RB54,rb54
db-regio-mitte,RB55,rb55
db-regio-mitte,RE55,re55
db-regio-mitte,RE60,re60
db-regio-mitte,RB64,rb64
db-regio-mitte,RB65,rb65
db-regio-mitte,RB66,rb66
db-regio-mitte,RB67,rb67
db-regio-mitte,RB68,rb68
db-regio-mitte,RE70,re70
db-regio-mitte,RB70,rb70
db-regio-mitte,RB71,rb71
db-regio-mitte,RE73,re73
db-regio-mitte,RB77,rb77
db-regio-mitte,RB81,rb81
db-regio-mitte,RB82,rb82
db-regio-mitte,RB83,rb83
db-regio-mitte,RB84,rb84
db-regio-mitte,RB87,rb87
db-regio-nord,RB37,rb37
db-regio-nord,RB38,rb38
db-regio-nord,RB44,rb44
db-regio-nord,RB45,rb45
db-regio-nord,RB46,rb46
db-regio-nord,RB48,rb48
db-regio-nord,RB77,rb77
db-regio-nord,RB79,rb79
db-regio-nord,RB80,rb80
db-regio-nord,RB82,rb82
db-regio-nord,RB86,rb86
db-regio-nord,RE1,re1
db-regio-nord,RE2,re2
db-regio-nord,RE5,re5
db-regio-nord,RE9,re9
db-regio-nordost,FEX,fex
db-regio-nordost,RB10,rb10
db-regio-nordost,RB11,rb11
db-regio-nordost,RB12,rb12
db-regio-nordost,RB14,rb14
db-regio-nordost,RB17,rb17
db-regio-nordost,RB18,rb18
db-regio-nordost,RB20,rb20
db-regio-nordost,RB21,rb21
db-regio-nordost,RB22,rb22
db-regio-nordost,RB23,rb23
db-regio-nordost,RB24,rb24
db-regio-nordost,RB25,rb25
db-regio-nordost,RB28,rb28
db-regio-nordost,RB31,rb31
db-regio-nordost,RB32,rb32
db-regio-nordost,RB43,rb43
db-regio-nordost,RB49,rb49
db-regio-nordost,RB55,rb55
db-regio-nordost,RB92,rb92
db-regio-nordost,RB93,rb93
db-regio-nordost,RE1,re1
db-regio-nordost,RE2,re2
db-regio-nordost,RE3,re3
db-regio-nordost,RE4,re4
db-regio-nordost,RE5,re5
db-regio-nordost,RE6,re6
db-regio-nordost,RE7,re7
db-regio-nordost,RE10,re10
db-regio-nordost,RE11,re11
db-regio-nordost,RE13,re13
db-regio-nordost,RE15,re15
db-regio-nordost,RE18,re18
db-regio-nordost,RE50,re50
db-regio-nordost,RE51,re51
db-regio-nordost,S1,s1
db-regio-nordost,S2,s2
db-regio-nordost,S2X,s2x
db-regio-nordost,S3,s3
db-regio-stuttgart,RE 6,re6
db-regio-stuttgart,RE 10a,re10a
db-regio-stuttgart,RE 10b,re10b
db-regio-stuttgart,RE 18,re18
db-regio-stuttgart,RE 71,re71
db-regio-stuttgart,MEX 12,mex12
db-regio-stuttgart,MEX 17,mex17
db-regio-stuttgart,MEX 17a,mex17a
db-regio-stuttgart,MEX 17c,mex17c
db-regio-stuttgart,MEX 18,mex18
db-regio-stuttgart,RB 10a,rb10a
db-regio-stuttgart,RB 17,rb17
db-regio-stuttgart,RB 18,rb18
db-regio-stuttgart,RB 71,rb71
db-regio-sudost,RB 51,rb51
db-regio-sudost,RE 7,re7
db-regio-sudost,RE 13,re13
db-regio-sudost,RE 14,re14
db-regio-sudost,RE 57,re57
db-regio-sudost,S1,s1
db-regio-sudost,S2,s2
db-regio-sudost,S3,s3
db-regio-sudost,S30,s30
db-regio-sudost,S4,s4
db-regio-sudost,S5,s5
db-regio-sudost,S5X,s5x
db-regio-sudost,S6,s6
db-regio-sudost,S8,s8
db-regio-sudost,S9,s9
db-regionetz-sudostbayernbahn,RE 4,re4
db-regionetz-sudostbayernbahn,RB 32,rb32
db-regionetz-sudostbayernbahn,RB 40,rb40
db-regionetz-sudostbayernbahn,RB 41,rb41
db-regionetz-sudostbayernbahn,RB 42,rb42
db-regionetz-sudostbayernbahn,RB 44,rb44
db-regionetz-sudostbayernbahn,RB 45,rb45
db-regionetz-sudostbayernbahn,RB 46,rb46
db-regionetz-sudostbayernbahn,RB 47,rb47
db-regionetz-sudostbayernbahn,RB 48,rb48
db-regionetz-sudostbayernbahn,RB 49,rb49
db-regionetz-sudostbayernbahn,RB 52,rb52
db-regionetz-sudostbayernbahn,RB 59,rb59
db-regionetz-westfrankenbahn,RB 56,rb56
db-regionetz-westfrankenbahn,RB 83,rb83
db-regionetz-westfrankenbahn,RB 84,rb84
db-regionetz-westfrankenbahn,RB 85,rb85
db-regionetz-westfrankenbahn,RB 88,rb88
db-regionetz-westfrankenbahn,RE 80,re80
db-regionetz-westfrankenbahn,RE 87,re87
db-regionetz-westfrankenbahn,RB 87,rb87
ding-bayer,21,5-ald072-21
ding-bayer,36,5-ald072-36
ding-bayer,37,5-ald072-37
ding-bayer,38,5-ald072-38
ding-bayer,223,5-ald072-223
ding-bayer,225,5-ald072-225
ding-bayer,231,5-ald072-231
ding-bayer,232,5-ald072-232
ding-bayer,239,5-ald072-239
ding-bayer,250,5-ald072-250
ding-bayer,251,5-ald072-251
ding-bayer,252,5-ald072-252
ding-bayer,252E,5-ald072-252e
ding-bayer,253,5-ald072-253
ding-bayer,253E,5-ald072-253e
ding-bayer,254,5-ald072-254
ding-bayer,255,5-ald072-255
ding-bayer,255E,5-ald072-255e
ding-bayer,301,5-ald072-301
ding-bayer,302,5-ald072-302
ding-bayer,303,5-ald072-303
ding-bayer,304,5-ald072-304
ding-bayer,314,5-ald072-314
ding-bayer,315,5-ald072-315
ding-bayer,317,5-ald072-317
ding-bayer,319,5-ald072-319
ding-bayer,320,5-ald072-320
ding-bayer,331,5-ald072-331
ding-bayer,336,5-ald072-336
ding-bayer,337,5-ald072-337
ding-bayer,X250,5-ald072-X250
ding-bbs-schapfl,812,5-omp055-821
ding-bettighofer,78,5-al095-78
ding-bettighofer,711,5-al095-711
ding-bettighofer,713,5-al095-713
ding-braunmiller,701,5-al096-701
ding-braunmiller,702,5-al096-702
ding-braunmiller,704,5-al096-704
ding-braunmiller,706,5-al096-706
ding-diesch-gmbh,272,5-ald020-272
ding-diesch-gmbh,280,5-ald020-280
ding-diesch-gmbh,281,5-ald020-281
ding-diesch-gmbh,282,5-ald020-282
ding-fromm,215,5-ald075-215
ding-fromm,242,5-ald075-242
ding-fromm,716,5-ald075-716
ding-gairing,72,5-ald093-72
ding-gairing,73,5-ald093-73
ding-gairing,84,5-ald093-84
ding-gairing,84A,5-ald093-84A
ding-gairing,84X,5-ald093-84X
ding-gairing,85,5-ald093-85
ding-gairing,88,5-ald093-88
ding-gairing,88X,5-ald093-88X
ding-gairing,89,5-ald093-89
ding-gairing,597,5-ald093-597
ding-gairing,728,5-ald093-728
ding-gairing,729,5-ald093-729
ding-gairing,733,5-ald093-733
ding-gairing,734,5-ald093-734
ding-gairing,739,5-ald093-739
ding-gairing,763,5-ald093-763
ding-gairing,769,5-ald093-769
ding-gairing,N5,5-ald093-N5
ding-gairing,Pfiffibus 1,5-ald044-Pf1
ding-gairing,Pfiffibus 2,5-ald044-Pf2
ding-gairing,Pfiffibus 3,5-ald044-Pf3
ding-gairing,Pfiffibus 4,5-ald044-Pf4
ding-gairing,Pfiffibus 5,5-ald044-Pf5
ding-gairing,Pfiffibus 6,5-ald044-Pf6
ding-gairing,Pfiffibus 7,5-ald044-Pf7
ding-hvg,1,5-ald067-1
ding-hvg,2,5-ald067-2
ding-hvg,3,5-ald067-3
ding-hvg,4,5-ald067-4
ding-hvg,5,5-ald067-5
ding-hvg,6,5-ald067-6
ding-hvg,6a,5-ald067-6a
ding-hvg,7,5-ald067-7
ding-hvg,7a,5-ald067-7a
ding-hvg,60,5-ald067-60
ding-hvg,61,5-ald067-61
ding-hvg,62,5-ald067-62
ding-hvg,63,5-ald067-63
ding-hvg,64,5-ald067-64
ding-hvg,68,5-ald067-68
ding-klemens-diesch,270,5-ald022-270
ding-klemens-diesch,271,5-ald022-271
ding-kloepfer,467,5-ald077-467
ding-kloepfer,491,5-ald077-491
ding-kloepfer,583,5-ald077-583
ding-kloepfer,585,5-ald077-585
ding-miller,920,5-omp053-920
ding-miller,929,5-omp053-929
ding-neubus,71,5-ald091-71
ding-neubus,79,5-ald091-79
ding-neubus,86,5-ald091-86
ding-neubus,850,5-ald091-850
ding-neubus,925,5-ald091-925
ding-oster,711,5-ald095-711
ding-oster,713,5-ald095-713
ding-oster,719,5-ald095-719
ding-rab,49,5-rabrab-49
ding-rab,58,5-rabrab-58
ding-rab,59,5-rabrab-59
ding-rab,217a,5-rabrab-217a
ding-rab,241,5-rabrab-241
ding-rab,343,5-rabrab-343
ding-rab,346,5-rabrab-346
ding-rab,350,5-rabrab-350
ding-rab,351,5-rabrab-351
ding-rab,352,5-rabrab-352
ding-rab,364,5-rabrab-364
ding-rab,366,5-rabrab-366
ding-rab,367,5-rabrab-367
ding-rab,368,5-rabrab-368
ding-rab,463,5-rabrab-463
ding-rab,465,5-rabrab-465
ding-rab,582,5-rabrab-582
ding-rab,593,5-rabrab-593
ding-rab,X340,5-rabrab-x340
ding-rab,X365,5-rabrab-x365
ding-stadtwerke-biberach,1,5-ald021-1
ding-stadtwerke-biberach,2,5-ald021-2
ding-stadtwerke-biberach,3,5-ald021-3
ding-stadtwerke-biberach,4,5-ald021-4
ding-stadtwerke-biberach,5,5-ald021-5
ding-stadtwerke-biberach,6,5-ald021-6
ding-stadtwerke-biberach,10,5-ald021-10
ding-stadtwerke-biberach,11,5-ald021-11
ding-svl,23,5-ald020-23
ding-svl,24,5-ald020-24
ding-svl,30,5-ald020-30
ding-svl,35,5-ald020-35
ding-svl,40,5-ald020-40
ding-svl,41,5-ald020-41
ding-svl,46,5-ald020-46
ding-svl,50,5-ald020-50
ding-svl,50_1,5-ald020-50_1
ding-svl,51,5-ald020-51
ding-svl,52,5-ald020-52
ding-svl,70,5-ald020-70
ding-svl,74,5-ald020-74
ding-svl,75,5-ald020-75
ding-svl,76,5-ald020-76
ding-svl,212,5-ald020-212
ding-svl,216,5-ald020-216
ding-svl,216E,5-ald020-216e
ding-svl,217,5-ald020-217
ding-svl,220,5-ald020-220
ding-svl,221,5-ald020-221
ding-svl,222,5-ald020-222
ding-svl,226,5-ald020-226
ding-svl,227,5-ald020-227
ding-svl,229,5-ald020-229
ding-svl,240,5-ald020-240
ding-svl,316,5-ald020-316
ding-svl,318,5-ald020-318
ding-svl,321,5-ald020-321
ding-svl,325,5-ald020-325
ding-svl,326,5-ald020-326
ding-svl,328,5-ald020-328
ding-svl,329,5-ald020-329
ding-svl,333,5-ald020-333
ding-svl,334,5-ald020-334
ding-svl,335,5-ald020-335
ding-svl,391,5-ald020-391
ding-svl,392,5-ald020-392
ding-svl,461,5-ald020-461
ding-svl,469,5-ald020-469
ding-svl,589a,5-ald020-589a
ding-svl,589b,5-ald020-589b
ding-svl,589c,5-ald020-589c
ding-svl,591,5-ald020-591
ding-svl,723,5-ald020-723
ding-svl,724,5-ald020-724
ding-swu,1,8-ald087-1
ding-swu,2,8-ald087-2
ding-swu,4,5-ald087-4
ding-swu,5,5-ald087-5
ding-swu,6,5-ald087-6
ding-swu,7,5-ald087-7
ding-swu,8,5-ald087-8
ding-swu,9,5-ald087-9
ding-swu,10,15-ald087-0
ding-swu,11,15-ald087-1
ding-swu,12,15-ald087-2
ding-swu,13,15-ald087-3
ding-swu,14,15-ald087-4
ding-swu,15,15-ald087-5
ding-swu,MS9,5-ald087-ms9
ding-swu,MS14,5-ald087-ms14
ding-swu,N1,N5-ald087-1
ding-swu,N2,N5-ald087-2
ding-swu,N3,N5-ald087-3
ding-swu,N4,N5-ald087-4
ding-swu,N7,N5-ald087-7
ding-swu,N8,N5-ald087-8
ding-swu,SEV2,5-ald087-sev2
ding-walk,218,5-ald020-218
ding-walk,327,5-ald020-327
ding-walk,380,5-ald020-380
ding-walk,381,5-ald020-381
ding-walk,382,5-ald020-382
ding-walk,395,5-ald020-395
ding-walk,X380,5-ald020-X380
ding-weidachstein,77,5-ald094-77
ding-weidachstein,737,5-ald094-737
dingo,Blauer DINGO,5-rboMB-1
dingo,Gelber DINGO,5-rboMB-2
dingo,Grüner DINGO,5-rboMB-3
dingo,Oranger DINGO,5-rboMB-4
dingo,Roter DINGO,5-rboMB-5
dingo,Türkiser DINGO,5-rboMB-6
dsb-s-tog,A,a
dsb-s-tog,B,b
dsb-s-tog,Bx,bx
dsb-s-tog,C,c
dsb-s-tog,E,e
dsb-s-tog,F,f
dsb-s-tog,H,h
dvg-dessau,1,8-nasdvg-1
dvg-dessau,3,8-nasdvg-3
dvg-dessau,10,5-nas001-10
dvg-dessau,11,5-nas001-11
dvg-dessau,12,5-nas001-12
dvg-dessau,13,5-nas001-13
dvg-dessau,14,5-nas001-14
dvg-dessau,15,5-nas001-15
dvg-dessau,16,5-nas001-16
dvg-dessau,17,5-nas001-16
dvg-dessau,21,5-nas001-16
dvg-dessau,22,5-nas001-16
dvg-dessau,N1,5-nas001-n1
dvg-dessau,N2,5-nas001-n2
dvg-dessau,N3,5-nas001-n3
dvg-dessau,Rufbus N4,9-nas001-n4
dvg-dessau,N5,5-nas001-n5
dvg-dessau,N6,5-nas001-n6
dwe-dessau,DWE,dwe
enno,RE30,re30
enno,RE50,re50
erfurter-bahn,RE12,re12
erfurter-bahn,RB13,rb13
erfurter-bahn,RB21,rb21
erfurter-bahn,RE21,re21
erfurter-bahn,RB22,rb22
erfurter-bahn,RB23,rb23
erfurter-bahn,RB26,rb26
erfurter-bahn,RB27,rb27
erfurter-bahn,RB28,rb28
erfurter-bahn,RB32,rb32
erfurter-bahn,RB40,rb40
erfurter-bahn,RB50,rb50
erfurter-bahn,RB76,rb76
erixx,RB32,rb32
erixx,RB42,rb42
erixx,RB43,rb43
erixx,RB47,rb47
erixx,RE10,re10
fulda-ast,AST 12,5-rmvrev-at12
fulda-citybus,1,5-rmvrev-1
fulda-citybus,2,5-rmvrev-2
fulda-citybus,3,5-rmvrev-3
fulda-citybus,4,5-rmvrev-4
fulda-citybus,5,5-rmvrev-5
fulda-citybus,6,5-rmvrev-6
fulda-citybus,7,5-rmvrev-7
fulda-citybus,8,5-rmvrev-8
fulda-citybus,15,5-rmvrev-15
fulda-citybus,16,5-rmvrev-16
hans,RB16,rb16
hans,RB33,rb33
hans,RB34,rb34
hans,RB73,rb73
hans,RB74,rb74
hans,RE27,re27
hlb,RB21,rb21
hlb,RB29,rb29
hlb,RB37,rb37
hlb,RB40,rb40
hlb,RB41,rb41
hlb,RB45,rb45
hlb,RB46,rb46
hlb,RB47,rb47
hlb,RB48,rb48
hlb,RB49,rb49
hlb,RB52,rb52
hlb,RB58,rb58
db-regio-ag-mitte,RB61,rb61
hlb,RB61,hlb-rb61
hlb,RB75,rb75
hlb,RB90,rb90
hlb,RE9,re9
hlb,RE59,re59
hlb,RE24,re24
hlb,RE98,re98
hlb,RE99,re99
hnv-db-bus,602,5-rbgfmo-602
hnv-db-bus,602R,5-rbgfmo-602r
hnv-db-bus,604,5-rbgfmo-604
hnv-db-bus,618,5-rbgfmo-618
hnv-db-bus,631,5-rbgfmo-631
hnv-db-bus,632,5-rbgfmo-632
hnv-db-bus,633,5-rbgfmo-633
hnv-db-bus,635,5-rbgfmo-635
hnv-db-bus,671,5-rbgfmo-671
hnv-db-bus,681,5-rbgfmo-681
hnv-db-bus,691,5-rbgfmo-691
hnv-db-bus,692,5-rbgfmo-692
hnv-db-bus,694,5-rbgfmo-694
hnv-db-bus,695,5-rbgfmo-695
hnv-gross-reisen,640,5-hnv031-640
hnv-gross-reisen,641,5-hnv031-641
hnv-gross-reisen,642,5-hnv031-642
hnv-gross-reisen,644,5-hnv031-644
hnv-gross-reisen,645,5-hnv031-645
hnv-gross-reisen,646,5-hnv031-646
hnv-gross-reisen,647,5-hnv031-647
hnv-gross-reisen,648,5-hnv031-648
hnv-gross-reisen,648HN,5-hnv031-648hn
hnv-gross-reisen,649,5-hnv031-649
hnv-gross-reisen,651,5-hnv031-651
hnv-mueller-reisen,630,5-rbgwmr-630
hnv-nvh,1,5-hnv031-1
hnv-nvh,2,5-hnv031-2
hnv-nvh,3,5-hnv031-3
hnv-nvh,4,5-hnv031-4
hnv-nvh,5,5-hnv031-5
hnv-nvh,6,5-hnv031-6
hnv-nvh,7,5-hnv031-7
hnv-nvh,8,5-hnv031-8
hnv-nvh,9,5-hnv031-9
hnv-nvh,10,5-hnv031-10
hnv-nvh,11,5-hnv031-11
hnv-nvh,13,5-hnv031-13
hnv-nvh,14,5-hnv031-14
hnv-nvh,15,5-hnv031-15
hnv-nvh,17,5-hnv031-17
hnv-nvh,18,5-hnv031-18
hnv-nvh,19,5-hnv031-19
hnv-nvh,20,5-hnv031-20
hnv-nvh,21,5-hnv031-21
hnv-nvh,22,5-hnv031-22
hnv-nvh,23,5-hnv031-23
hnv-nvh,24,5-hnv031-24
hnv-nvh,25,5-hnv031-25
hnv-nvh,26,5-hnv031-26
hnv-nvh,27,5-hnv031-27
hnv-nvh,28,5-hnv031-28
hnv-nvh,29,5-hnv031-29
hnv-nvh,32,5-hnv031-32
hnv-nvh,33,5-hnv031-33
hnv-nvh,34,5-hnv031-34
hnv-nvh,35,5-hnv031-35
hnv-nvh,37,5-hnv031-37
hnv-nvh,38,5-hnv031-38
hnv-nvh,40,5-hnv031-40
hnv-nvh,42,5-hnv031-42
hnv-nvh,46,5-hnv031-46
hnv-nvh,47,5-hnv031-47
hnv-nvh,49,5-rnv031-49
hnv-nvh,50,5-rnv031-50
hnv-nvh,51,5-rnv031-51
hnv-nvh,52,5-rnv031-52
hnv-nvh,53,5-rnv031-53
hnv-nvh,54,5-rnv031-54
hnv-nvh,55,5-rnv031-55
hnv-nvh,58,5-rnv031-58
hnv-nvh,66,5-rnv031-66
hnv-nvh,67,5-rnv031-67
hnv-nvh,70,5-rnv031-70
hnv-nvh,71,5-rnv031-71
hnv-nvh,73,5-rnv031-73
hnv-nvh,74,5-rnv031-74
hnv-nvh,75,5-rnv031-75
hnv-nvh,77,5-rnv031-77
hnv-nvh,89,5-rnv031-89
hnv-nvh,91,5-rnv031-91
hnv-nvh,92,5-rnv031-92
hnv-nvh,97,5-rnv031-97
hnv-nvh,610,5-rnv031-610
hnv-ovr-ruoff,620,5-rnv031-620
hnv-ovr-ruoff,621,5-rnv031-621
hnv-ovr-ruoff,622,5-rnv031-622
hnv-ovr-ruoff,623,5-rnv031-623
hnv-ovr-ruoff,624,5-rnv031-624
hnv-ovr-ruoff,625,5-rnv031-625
hnv-ovr-ruoff,627,5-rnv031-627
hnv-ovr-ruoff,628,5-rnv031-628
hnv-ovr-ruoff,660,5-rnv031-660
hnv-ovr-ruoff,661,5-rnv031-661
hnv-ovr-ruoff,662,5-rnv031-662
hnv-ovr-ruoff,663,5-rnv031-663
hnv-ovr-ruoff,664,5-rnv031-664
hnv-ovr-ruoff,665,5-rnv031-665
hnv-ovr-ruoff,666,5-rnv031-666
hnv-ovr-ruoff,667,5-rnv031-667
hnv-ovr-ruoff,668,5-rnv031-668
hnv-ovr-ruoff,669,5-rnv031-669
hnv-ovr-ruoff,670,5-rnv031-670
hnv-ovr-ruoff,672,5-rnv031-672
hnv-ovr-ruoff,677,5-rnv031-677
hnv-ovr-ruoff,679,5-rnv031-679
hnv-ovr-ruoff,682,5-rnv031-682
hnv-ovr-ruoff,683,5-rnv031-683
hnv-ovr-ruoff,684,5-rnv031-684
hnv-ovr-ruoff,685,5-rnv031-685
hnv-ovr-ruoff,686,5-rnv031-686
hnv-ovr-ruoff,688,5-rnv031-688
hnv-ovr-ruoff,689,5-rnv031-689
hnv-ovr-ruoff,N20,5-rnv031-n20
hnv-sweg,675,5-rnv020-675
hnv-swhn,1,5-hnv030-1
hnv-swhn,2,5-hnv030-2
hnv-swhn,5,5-hnv030-5
hnv-swhn,8,5-hnv030-8
hnv-swhn,10,5-hnv030-10
hnv-swhn,11,5-hnv030-11
hnv-swhn,12,5-hnv030-12
hnv-swhn,13,5-hnv030-13
hnv-swhn,31,5-hnv030-31
hnv-swhn,32,5-hnv030-32
hnv-swhn,33,5-hnv030-33
hnv-swhn,41,5-hnv030-41
hnv-swhn,42,5-hnv030-42
hnv-swhn,61,5-hnv030-61
hnv-swhn,62,5-hnv030-62
hnv-swhn,64,5-hnv030-64
hnv-swhn,67,5-hnv030-67
hnv-swhn,FW 1,5-hnv030-fw1
hnv-swhn,FW 2,5-hnv030-fw2
hnv-woehrle,673,5-rbgwmr-673
hnv-woehrle,674,5-rbgwmr-674
hnv-woehrle,676,5-rbgwmr-676
hnv-woehrle,678,5-rbgwmr-678
hnv-zartmann,90,5-hnv031-90
hnv-zartmann,91,5-hnv031-91
hnv-zartmann,92,5-hnv031-92
hnv-zartmann,93,5-hnv031-93
hnv-zartmann,94,5-hnv031-94
hnv-zartmann,94A,5-hnv031-94a
hnv-zartmann,X91,5-hnv031-x91
hnv-zartmann,X93,5-hnv031-x93
hnv-zartmann,X95,5-hnv031-x95
hnv-zuegel,636,5-rbgovz-636
hvv-akn,A 1,5-akkiel-a1
hvv-akn,A 2,5-akkiel-a2
hvv-akn,A 3,5-akkiel-a3
hvv-db-sbhh,S 1,s1
hvv-db-sbhh,S 2,s2
hvv-db-sbhh,S 3,s3
hvv-db-sbhh,S 5,s5
hvv-db-sbhh,S 7,s7
hvv-had,61,6-hvvhad-61
hvv-had,62,6-hvvhad-62
hvv-had,64,6-hvvhad-64
hvv-had,65,6-hvvhad-65
hvv-had,66,6-hvvhad-66
hvv-had,72,6-hvvhad-72
hvv-had,73,6-hvvhad-73
hvv-had,75,6-hvvhad-75
hvv-hha,U 1,7-hvv001-1
hvv-hha,U 2,7-hvv001-2
hvv-hha,U 3,7-hvv001-3
hvv-hha,U 4,7-hvv001-4
hvv-hha,5,5-hvvhha-5
hvv-hha,6,5-hvvhha-6
hvv-hha,8,5-hvvhha-8
hvv-hha,9,5-hvvhha-9
hvv-hha,10,5-hvvhha-10
hvv-hha,11,5-hvvhha-11
hvv-hha,12,5-hvvhha-12
hvv-hha,14,5-hvvhha-14
hvv-hha,16,5-hvvhha-16
hvv-hha,17,5-hvvhha-17
hvv-hha,18,5-hvvhha-18
hvv-hha,19,5-hvvhha-19
hvv-hha,20,5-hvvhha-20
hvv-hha,23,5-hvvhha-23
hvv-hha,24,5-hvvhha-24
hvv-hha,25,5-hvvhha-25
hvv-hha,26,5-hvvhha-26
hvv-hha,27,5-hvvhha-27
hvv-hha,28,5-hvvhha-28
hvv-hha,30,5-hvvhha-30
hvv-hha,31,5-hvvhha-31
hvv-hha,37,5-hvvhha-37
hvv-hha,40,5-hvvhha-40
hvv-hha,42,5-hvvhha-42
hvv-hha,43,5-hvvhha-43
hvv-hha,603,5-hvvhha-603
hvv-hha,606,5-hvvhha-606
hvv-hha,607,5-hvvhha-607
hvv-hha,608,5-hvvhha-608
hvv-hha,616,5-hvvhha-616
hvv-hha,617,5-hvvhha-617
hvv-hha,640,5-hvvhha-640
hvv-hha,641,5-hvvhha-641
hvv-hha,X11,5-hvvhha-x11
hvv-hha,X21,5-hvvhha-x21
hvv-hha,X22,5-hvvhha-x22
hvv-hha,X27,5-hvvhha-x27
hvv-hha,X35,5-hvvhha-x35
hvv-hha,X40,5-hvvhha-x40
hvv-hha,X61,5-hvvhha-x61
hvv-hha,X65,5-hvvhha-x65
hvv-hha,X86,5-hvvhha-x86
hvv-kvi,X66,5-hvvhha-x66
hvv-kvi,X89,5-hvvhha-x89
hvv-kvi,X99,5-hvvhha-x99
hvv-vhh,1,5-hvvvhh-1
hvv-vhh,2,5-hvvvhh-2
hvv-vhh,3,5-hvvvhh-3
hvv-vhh,15,5-hvvvhh-15
hvv-vhh,21,5-hvvvhh-21
hvv-vhh,22,5-hvvvhh-22
hvv-vhh,29,5-hvvvhh-29
hvv-vhh,32,5-hvvvhh-32
hvv-vhh,601,5-hvvvhh-601
hvv-vhh,609,5-hvvvhh-609
hvv-vhh,610,5-hvvvhh-610
hvv-vhh,619,5-hvvvhh-619
hvv-vhh,621,5-hvvvhh-621
hvv-vhh,627,5-hvvvhh-627
hvv-vhh,629,5-hvvvhh-629
hvv-vhh,638,5-hvvvhh-638
hvv-vhh,639,5-hvvvhh-639
hvv-vhh,649,5-hvvvhh-649
hvv-vhh,658,5-hvvvhh-658
hvv-vhh,668,5-hvvvhh-668
hvv-vhh,669,5-hvvvhh-669
hvv-vhh,X3,5-hvvvhh-x3
hvv-vhh,X30,5-hvvvhh-x30
hvv-vhh,X32,5-hvvvhh-x32
hvv-vhh,X33,5-hvvvhh-x33
hvv-vhh,X80,5-hvvvhh-x80
hvv-vhh,X81,5-hvvvhh-x81
hvv-vhh,X82,5-hvvvhh-x82
hvv-vhh,X95,5-hvvvhh-x95
kvsh-fmo,12,5-vsh030-12
kvsh-fmo,12A,5-vsh030-12a
kvsh-fmo,13,5-vsh030-13
kvsh-fmo,14,5-vsh030-14
kvsh-fmo,16,5-vsh030-16
kvsh-fmo,17,5-vsh030-17
kvsh-fmo,17A,5-vsh030-17a
kvsh-fmo,18,5-vsh030-18
kvsh-fmo,18A,5-vsh030-18a
kvsh-fmo,20,5-vsh030-20
kvsh-fmo,23,5-vsh030-23
kvsh-fmo,23A,5-vsh030-23a
kvsh-fmo,23N,5-vsh030-23n
kvsh-fmo,23S,5-vsh030-23s
kvsh-fmo,49,5-vsh030-49
kvsh-fmo,50,5-vsh030-50
kvsh-fmo,58,5-vsh030-58
kvsh-fmo,59,5-vsh030-59
kvsh-fmo,59A,5-vsh030-59a
kvsh-fmo,60,5-vsh030-60
kvsh-fmo,61,5-vsh030-61
kvsh-fmo,61A,5-vsh030-61a
kvsh-fmo,62,5-vsh030-62
kvsh-fmo,62A,5-vsh030-62a
kvsh-fmo,62B,5-vsh030-62b
kvsh-fmo,62C,5-vsh030-62c
kvsh-fmo,62D,5-vsh030-62d
kvsh-fmo,63,5-vsh030-63
kvsh-fmo,67,5-vsh030-67
kvsh-fmo,68,5-vsh030-68
kvsh-fmo,70,5-vsh030-70
kvsh-fmo,S1,5-vsh030-s1
kvsh-hofmann,40,5-vsh040-40
kvsh-hofmann,43,5-vsh040-43
kvsh-hofmann,44,5-vsh040-44
kvsh-hofmann,46,5-vsh040-46
kvsh-roehler,29,5-vsh020-29
kvsh-roehler,30,5-vsh020-30
kvsh-roehler,31,5-vsh020-31
kvsh-roehler,32,5-vsh020-32
kvsh-roehler,32/8,5-vsh020-32/8
kvsh-roehler,52,5-vsh020-52
kvsh-roehler,53,5-vsh020-53
kvsh-roehler,53N,5-vsh020-53n
kvsh-roehler,55,5-vsh020-55
kvsh-roehler,55B,5-vsh020-55b
kvsh-roehler,56,5-vsh020-56
kvsh-roehler,64,5-vsh020-64
kvsh-roehler,65,5-vsh020-65
kvsh-roehler,66,5-vsh020-66
kvsh-roehler,66A,5-vsh020-66a
kvsh-roehler,71,5-vsh020-71
kvsh-roehler,71F,5-vsh020-71f
kvsh-roehler,72,5-vsh020-72
kvsh-roehler,73,5-vsh020-73
kvsh-roehler,74,5-vsh020-74
kvsh-roehler,75,5-vsh020-75
kvsh-roehler,78,5-vsh020-78
kvsh-roehler,81,5-vsh020-81
kvsh-roehler,82,5-vsh020-82
kvsh-roehler,85,5-vsh020-85
kvsh-roehler,88c,5-vsh020-88c
kvsh-roehler,91,5-vsh020-91
kvsh-roehler,93,5-vsh020-93
kvsh-roehler,94,5-vsh020-94
kvsh-roehler,95,5-vsh020-95
kvsh-roehler,96,5-vsh020-96
kvsh-roehler,96F,5-vsh020-96f
kvsh-roehler,101,5-vsh020-101
kvsh-roehler,102,5-vsh020-102
kvsh-roehler,103,5-vsh020-103
kvsh-roehler,104,5-vsh020-104
kvsh-roehler,S10,5-vsh020-s10
kvsh-rufbus,R8,3-vsh001-r8
kvsh-rufbus,R10,3-vsh001-r10
kvsh-rufbus,R16N,3-vsh001-r16n
kvsh-rufbus,R18,3-vsh001-r18
kvsh-rufbus,R20,3-vsh001-r20
kvsh-rufbus,R23,3-vsh001-r23
kvsh-rufbus,R26,3-vsh001-r26
kvsh-rufbus,R43,3-vsh001-r43
kvsh-rufbus,R45,3-vsh001-r45
kvsh-rufbus,R55,3-vsh001-r55
kvsh-rufbus,R58,3-vsh001-r58
kvsh-rufbus,R59,3-vsh001-r59
kvsh-rufbus,R60,3-vsh001-r60
kvsh-rufbus,R62,3-vsh001-r62
kvsh-rufbus,R66,3-vsh001-r66
kvsh-rufbus,R66N,3-vsh001-r66n
kvsh-rufbus,R90,3-vsh001-r90
kvsh-stadtbus-sha,1,5-vsh010-1
kvsh-stadtbus-sha,1E,5-vsh010-1E
kvsh-stadtbus-sha,2,5-vsh010-2
kvsh-stadtbus-sha,2E,5-vsh010-2E
kvsh-stadtbus-sha,3,5-vsh010-3
kvsh-stadtbus-sha,4,5-vsh010-4
kvsh-stadtbus-sha,4A,5-vsh010-4A
kvsh-stadtbus-sha,4AE,5-vsh010-4AE
kvsh-stadtbus-sha,4E,5-vsh010-4E
kvsh-stadtbus-sha,5,5-vsh010-5
kvsh-stadtbus-sha,5A,5-vsh010-5A
kvsh-stadtbus-sha,5E,5-vsh010-5E
kvsh-stadtbus-sha,6,5-vsh010-6
kvsh-stadtbus-sha,6E,5-vsh010-6E
kvsh-stadtbus-sha,7,5-vsh010-7
kvsh-stadtbus-sha,7E,5-vsh010-7E
kvsh-stadtbus-sha,8,5-vsh010-8
kvsh-stadtbus-sha,8/32,5-vsh010-8/32
kvsh-stadtbus-sha,8A-1,5-vsh010-8a-1
kvsh-stadtbus-sha,8A-2,5-vsh010-8a-2
kvsh-stadtbus-sha,8A-3,5-vsh010-8a-3
kvsh-stadtbus-sha,8A-4,5-vsh010-8a-4
kvsh-stadtbus-sha,8E,5-vsh010-8e
kvsh-stadtbus-sha,9,5-vsh010-9
kvsh-stadtbus-sha,10,5-vsh010-10
kvsh-stadtbus-sha,10E,5-vsh010-10e
kvsh-stadtbus-sha,45,5-vsh010-45
kvsh-stadtbus-sha,45E,5-vsh010-45e
kvsh-stadtbus-sha,47,5-vsh010-47
kvsh-stadtbus-sha,48,5-vsh010-48
kvv-anrufverkehre,203,9-rbomb-203
kvv-anrufverkehre,204,9-rbomb-204
kvv-anrufverkehre,205,9-rbomb-205
kvv-anrufverkehre,206,9-rbomb-206
kvv-anrufverkehre,214,9-rbomb-214
kvv-anrufverkehre,215,9-rbomb-215
kvv-anrufverkehre,216,9-rbomb-216
kvv-anrufverkehre,218,9-rbomb-218
kvv-anrufverkehre,221,9-rbomb-221
kvv-anrufverkehre,222,9-rbomb-222
kvv-anrufverkehre,223,9-rbomb-223
kvv-anrufverkehre,225,9-rbomb-225
kvv-anrufverkehre,226,9-rbomb-226
kvv-anrufverkehre,233,9-rbomb-233
kvv-anrufverkehre,240,9-rbomb-240
kvv-anrufverkehre,242,9-rbomb-242
kvv-anrufverkehre,244,9-rbomb-244
kvv-anrufverkehre,247,9-rbomb-247
kvv-anrufverkehre,248,9-rbomb-248
kvv-anrufverkehre,251,9-rbomb-251
kvv-anrufverkehre,252,9-rbomb-252
kvv-anrufverkehre,253,9-rbomb-253
kvv-anrufverkehre,254,9-rbomb-254
kvv-anrufverkehre,255,9-rbomb-255
kvv-anrufverkehre,257,9-rbomb-257
kvv-anrufverkehre,263,9-rbomb-263
kvv-anrufverkehre,266,9-rbomb-266
kvv-anrufverkehre,268,9-rbomb-268
kvv-anrufverkehre,271,9-rbomb-271
kvv-anrufverkehre,272,9-rbomb-272
kvv-anrufverkehre,273,9-rbomb-273
kvv-anrufverkehre,274,9-rbomb-274
kvv-anrufverkehre,275,9-rbomb-275
kvv-anrufverkehre,293,9-rbomb-293
kvv-avg,S1,s1
kvv-avg,S4,s4
kvv-avg,S5,s5
kvv-avg,S6,s6
kvv-avg,S7,s7
kvv-avg,S8,s8
kvv-avg,S11,s11
kvv-avg,S12,s12
kvv-avg,S31,s31
kvv-avg,S32,s32
kvv-avg,S41,s41
kvv-avg,S42,s42
kvv-avg,S51,s51
kvv-avg,S52,s52
kvv-avg,S71,s71
kvv-avg,S81,s81
kvv-avg,FEX,fex
kvv-avg,E,4-kvv22e-e
kvv-db-bus,101,5-rbgfmo-101
kvv-db-bus,102,5-rbgfmo-102
kvv-db-bus,106,5-rbgfmo-106
kvv-db-bus,109,5-rbgfmo-109
kvv-db-bus,113,5-rbgfmo-113
kvv-db-bus,116,5-rbgfmo-116
kvv-db-bus,117,5-rbgfmo-117
kvv-db-bus,120,5-rbgfmo-120
kvv-db-bus,121,5-rbgfmo-121
kvv-db-bus,122,5-rbgfmo-122
kvv-db-bus,123,5-rbgfmo-123
kvv-db-bus,124,5-rbgfmo-124
kvv-db-bus,125,5-rbgfmo-125
kvv-db-bus,125s,5-rbgfmo-125s
kvv-db-bus,125X,5-rbgfmo-125x
kvv-db-bus,126,5-rbgfmo-126
kvv-db-bus,127,5-rbgfmo-127
kvv-db-bus,128,5-rbgfmo-128
kvv-db-bus,129,5-rbgfmo-129
kvv-db-bus,180,5-rbgfmo-180
kvv-db-bus,181,5-rbgfmo-181
kvv-db-bus,182,5-rbgfmo-182
kvv-db-bus,183,5-rbgfmo-183
kvv-db-bus,185,5-rbgfmo-185
kvv-db-bus,186,5-rbgfmo-186
kvv-db-bus,187,5-rbgfmo-187
kvv-db-bus,188,5-rbgfmo-188
kvv-db-bus,189,5-rbgfmo-189
kvv-db-bus,192,5-rbgfmo-192
kvv-db-bus,193,5-rbgfmo-193
kvv-db-bus,194,5-rbgfmo-194
kvv-db-bus,195,5-rbgfmo-195
kvv-db-bus,198,5-rbgfmo-198
kvv-db-bus,246,5-rbgfmo-246
kvv-db-bus,248,5-rbgfmo-248
kvv-db-bus,262,5-rbgfmo-262
kvv-db-bus,263,5-rbgfmo-263
kvv-db-bus,264,5-rbgfmo-264
kvv-db-bus,264s,5-rbgfmo-264s
kvv-db-bus,265,5-rbgfmo-265
kvv-db-bus,266,5-rbgfmo-266
kvv-db-bus,X45,5-rbgfmo-x45
kvv-eberhardt,103,5-kvv002-103
kvv-eberhardt,103s,5-kvv002-103s
kvv-eberhardt,104,5-kvv002-104
kvv-eberhardt,105,5-kvv002-105
kvv-eberhardt,110,5-kvv002-110
kvv-eberhardt,111,5-kvv002-111
kvv-eberhardt,112,5-kvv002-112
kvv-eberhardt,114,5-kvv002-114
kvv-eberhardt,240s,5-kvv002-240s
kvv-eberhardt,241,5-kvv002-241
kvv-eberhardt,242,5-kvv002-242
kvv-eberhardt,244,5-kvv002-244
kvv-eberhardt,247,5-kvv002-247
kvv-eberhardt,247s,5-kvv002-247s
kvv-eberhardt,251,5-kvv002-251
kvv-eberhardt,252,5-kvv002-252
kvv-eberhardt,252s,5-kvv002-252s
kvv-eberhardt,253,5-kvv002-253
kvv-eberhardt,254,5-kvv002-254
kvv-eberhardt,258,5-kvv002-258
kvv-eberhardt,259,5-kvv002-259
kvv-eberhardt,X44,5-kvv002-x44-kvv002-x44
kvv-engel,151,5-kvv025-151
kvv-engel,152,5-kvv025-152
kvv-engel,153,5-kvv025-153
kvv-engel,154,5-kvv025-154
kvv-engel,155,5-kvv025-155
kvv-engel,158,5-kvv025-158
kvv-engel,159,5-kvv025-159
kvv-faller,271,5-kvv027-271
kvv-faller,272,5-kvv027-272
kvv-faller,273,5-kvv027-273
kvv-faller,274,5-kvv027-274
kvv-faller,276,5-kvv027-276
kvv-faller,277,5-kvv027-277
kvv-faller,281,5-kvv027-281
kvv-hassis,131,5-kvv028-131
kvv-hassis,132,5-kvv028-132
kvv-hassis,133,5-kvv028-133
kvv-hassis,140,5-kvv028-140
kvv-swbad,201,5-kvv011-201
kvv-swbad,203,5-kvv011-203
kvv-swbad,204,5-kvv011-204
kvv-swbad,205,5-kvv011-205
kvv-swbad,206,5-kvv011-206
kvv-swbad,207,5-kvv011-207
kvv-swbad,208,5-kvv011-208
kvv-swbad,211,5-kvv011-211
kvv-swbad,212,5-kvv011-212
kvv-swbad,213,5-kvv011-213
kvv-swbad,214,5-kvv011-214
kvv-swbad,215,5-kvv011-215
kvv-swbad,216,5-kvv011-216
kvv-swbad,218,5-kvv011-218
kvv-sweg,222,5-kvv030-222
kvv-sweg,227,5-kvv030-227
kvv-sweg,231,5-kvv030-231
kvv-sweg,232,5-kvv030-232
kvv-sweg,234,5-kvv030-234
kvv-sweg,234s,5-kvv030-234s
kvv-sweg,235,5-kvv030-235
kvv-sweg,236,5-kvv030-236
kvv-sweg,239,5-kvv030-239
kvv-sweg,267,5-kvv030-267
kvv-sweg,268,5-kvv030-268
kvv-sweg,268s,5-kvv030-268s
kvv-sweg,291,5-kvv030-291
kvv-sweg,292,5-kvv030-292
kvv-sweg,290,5-kvv030-290
kvv-sweg,X34,5-kvv015-x34
kvv-vbk,E,8-kvv021-e
kvv-vbk,NL1,8-kvv021-nl1
kvv-vbk,NL2,8-kvv021-nl2
kvv-vbk,NL3,5-kvv003-nl3
kvv-vbk,NL11,9-kvv004-nl11
kvv-vbk,NL12,9-kvv004-nl12
kvv-vbk,NL13,9-kvv004-nl13
kvv-vbk,NL14,9-kvv004-nl14
kvv-vbk,NL15,9-kvv004-nl15
kvv-vbk,NL16,9-kvv004-nl16
kvv-vbk,NL17,9-kvv004-nl17
kvv-vbk,S2,4-kvv021-2
kvv-vbk,1,8-kvv021-1
kvv-vbk,2,8-kvv021-2
kvv-vbk,3,8-kvv021-3
kvv-vbk,4,8-kvv021-4
kvv-vbk,5,8-kvv021-5
kvv-vbk,6,8-kvv021-6
kvv-vbk,8,8-kvv021-8
kvv-vbk,9,8-kvv021-9
kvv-vbk,10,8-kvv021-10
kvv-vbk,16,8-kvv021-16
kvv-vbk,17,8-kvv021-17
kvv-vbk,18,8-kvv021-18
kvv-vbk,21,5-kvv024-21
kvv-vbk,22,5-kvv024-22
kvv-vbk,23,5-kvv024-23
kvv-vbk,24,5-kvv024-24
kvv-vbk,26,5-kvv024-26
kvv-vbk,27,5-kvv024-27
kvv-vbk,29,5-kvv024-29
kvv-vbk,30,5-kvv024-30
kvv-vbk,31,5-kvv024-31
kvv-vbk,32,5-kvv024-32
kvv-vbk,42,5-kvv024-42
kvv-vbk,44,5-kvv024-44
kvv-vbk,47,5-kvv024-47
kvv-vbk,50,5-kvv024-50
kvv-vbk,51,5-kvv024-51
kvv-vbk,52,5-kvv024-52
kvv-vbk,55,5-kvv024-55
kvv-vbk,60,5-kvv024-60
kvv-vbk,62,5-kvv024-62
kvv-vbk,70,5-kvv024-70
kvv-vbk,71,5-kvv024-71
kvv-vbk,72,5-kvv024-72
kvv-vbk,73,5-kvv024-73
kvv-vbk,74,5-kvv024-74
kvv-vbk,75,5-kvv024-75
kvv-vbk,83,5-kvv024-83
kvv-vbk,107,5-kvv006-107
kvv-woehrle,134,5-kvv023-134
kvv-woehrle,135,5-kvv023-135
kvv-woehrle,136,5-kvv023-136
kvv-woehrle,137,5-kvv023-137
kvv-woehrle,138,5-kvv023-138
kvv-woehrle,139,5-kvv023-139
kvv-woehrle,143,5-kvv023-143
kvv-woehrle,144,5-kvv023-144
kvv-woehrle,145,5-kvv023-145
kvv-woehrle,145s,5-kvv023-145s
kvv-woehrle,149s,5-kvv023-149s
kvv-woehrle,160,5-kvv023-160
kvv-woehrle,161,5-kvv023-161
kvv-woehrle,162,5-kvv023-162
kvv-woehrle,162s,5-kvv023-162s
kvv-woehrle,163,5-kvv023-163
kvv-woehrle,164,5-kvv023-164
lavv-swl,601,5-swlbus-1
lavv-swl,602,5-swlbus-2
lavv-swl,603,5-swlbus-3
lavv-swl,604,5-swlbus-4
lavv-swl,605,5-swlbus-5
lavv-swl,606,5-swlbus-6
lavv-swl,607,5-swlbus-7
lavv-swl,608,5-swlbus-8
lavv-swl,609,5-swlbus-9
lavv-swl,610,5-swlbus-10
lavv-swl,611,5-swlbus-11
lavv-swl,612,5-swlbus-12
lavv-swl,614,5-swlbus-14
lavv-swl,615,5-swlbus-15
lavv-swl,616,5-swlbus-16
lavv-swl,617,5-swlbus-17
lavv-swl,618,5-swlbus-18
lavv-swl,619,5-swlbus-19
lavv-swl,620,5-swlbus-20
lavv-swl,621,5-swlbus-21
lavv-swl,622,5-swlbus-22
lavv-swl,623,5-swlbus-23
lavv-swl,624,5-swlbus-24
lavv-swl,625,5-swlbus-25
lavv-swl,626,5-swlbus-26
lavv-swl,627,5-swlbus-27
lavv-swl,628,5-swlbus-28
lavv-swl,629,5-swlbus-29
lavv-swl,E01,5-swlbus-e01
lavv-swl,E02,5-swlbus-e02
lavv-swl,E03,5-swlbus-e03
lavv-swl,E04,5-swlbus-e04
lavv-swl,E05,5-swlbus-e05
lavv-swl,E06,5-swlbus-e06
lavv-swl,E07,5-swlbus-e07
lavv-swl,E08,5-swlbus-e08
lavv-swl,E09,5-swlbus-e09
lavv-swl,E10,5-swlbus-e10
lavv-swl,E11,5-swlbus-e11
lavv-swl,E12,5-swlbus-e12
lavv-swl,E13,5-swlbus-e13
lavv-swl,E14,5-swlbus-e14
lavv-swl,E15,5-swlbus-e15
lavv-swl,E17,5-swlbus-e17
lavv-swl,E18,5-swlbus-e18
lavv-swl,E19,5-swlbus-e19
lavv-swl,E20,5-swlbus-e20
lavv-swl,E21,5-swlbus-e21
lavv-swl,E22,5-swlbus-e22
lavv-swl,E23,5-swlbus-e23
lavv-swl,E25,5-swlbus-e25
lavv-swl,E26,5-swlbus-e26
lavv-swl,E28,5-swlbus-e28
lavv-swl,E29,5-swlbus-e29
lavv-swl,E30,5-swlbus-e30
lavv-swl,E31,5-swlbus-e31
lavv-swl,E32,5-swlbus-e32
lavv-swl,E33,5-swlbus-e33
lavv-swl,E34,5-swlbus-e34
lavv-swl,E37,5-swlbus-e37
lavv-swl,E38,5-swlbus-e38
lavv-swl,E39,5-swlbus-e39
lavv-swl,E40,5-swlbus-e40
lavv-swl,E41,5-swlbus-e41
lavv-swl,E42,5-swlbus-e42
lavv-swl,E43,5-swlbus-e43
lavv-swl,E50,5-swlbus-e50
lavv-swl,E51,5-swlbus-e51
lavv-swl,E52,5-swlbus-e52
lavv-swl,E53,5-swlbus-e53
lavv-swl,E54,5-swlbus-e54
lavv-swl,E55,5-swlbus-e55
lavv-swl,E56,5-swlbus-e56
lavv-swl,E57,5-swlbus-e57
lavv-swl,E58,5-swlbus-e58
lavv-swl,E59,5-swlbus-e59
lavv-swl,E60,5-swlbus-e60
lavv-swl,E61,5-swlbus-e61
lavv-swl,E62,5-swlbus-e62
lavv-swl,E63,5-swlbus-e63
lavv-swl,E64,5-swlbus-e64
lavv-swl,E65,5-swlbus-e65
lavv-swl,E66,5-swlbus-e66
lavv-swl,E67,5-swlbus-e67
lavv-swl,E68,5-swlbus-e68
lavv-swl,E69,5-swlbus-e69
lavv-swl,E70,5-swlbus-e70
lavv-swl,E71,5-swlbus-e71
lavv-swl,E72,5-swlbus-e72
lavv-swl,E73,5-swlbus-e73
lavv-swl,E74,5-swlbus-e74
lavv-swl,E75,5-swlbus-e75
lavv-swl,E76,5-swlbus-e76
lavv-swl,E77,5-swlbus-e77
lavv-swl,E78,5-swlbus-e78
lavv-swl,E79,5-swlbus-e79
lavv-swl,E80,5-swlbus-e80
lavv-swl,E81,5-swlbus-e81
lavv-swl,E82,5-swlbus-e82
lavv-swl,E83,5-swlbus-e83
liege-s,S41,4-88-41
mdv-lvb,1,8-naslvt-1
mdv-lvb,2,8-naslvt-2
mdv-lvb,3,8-naslvt-3
mdv-lvb,3E,8-naslvt-3e
mdv-lvb,4,8-naslvt-4
mdv-lvb,7,8-naslvt-7
mdv-lvb,8,8-naslvt-8
mdv-lvb,10,8-naslvt-10
mdv-lvb,11,8-naslvt-11
mdv-lvb,12,8-naslvt-12
mdv-lvb,15,8-naslvt-15
mdv-lvb,16,8-naslvt-16
mdv-swh-havag,1,8-nashat-1
mdv-swh-havag,2,8-nashat-2
mdv-swh-havag,3,8-nashat-3
mdv-swh-havag,4,8-nashat-4
mdv-swh-havag,5,8-nashat-5
mdv-swh-havag,7,8-nashat-7
mdv-swh-havag,8,8-nashat-8
mdv-swh-havag,9,8-nashat-9
mdv-swh-havag,10,8-nashat-10
mdv-swh-havag,12,8-nashat-12
mdv-swh-havag,16,8-nashat-16
mdv-swh-havag,21,8-nashab-21
mdv-swh-havag,22,8-nashab-22
mdv-swh-havag,23,8-nashab-23
mdv-swh-havag,24,8-nashab-24
mdv-swh-havag,24E,8-nashab-24e
mdv-swh-havag,25,8-nashab-25
mdv-swh-havag,25E,8-nashab-25e
mdv-swh-havag,26,8-nashab-26
mdv-swh-havag,27,8-nashab-27
mdv-swh-havag,28,8-nashab-28
mdv-swh-havag,30,8-nashab-30
mdv-swh-havag,31,8-nashab-31
mdv-swh-havag,32,8-nashab-32
mdv-swh-havag,34,8-nashab-34
mdv-swh-havag,35,8-nashab-35
mdv-swh-havag,36,8-nashab-36
mdv-swh-havag,40,8-nashab-40
mdv-swh-havag,42,8-nashab-42
mdv-swh-havag,43,8-nashab-43
mdv-swh-havag,52,8-nashab-52
mdv-swh-havag,53,8-nashab-53
mdv-swh-havag,91,8-nashab-91
mdv-swh-havag,94,8-nashat-94
mdv-swh-havag,95,8-nashat-95
mdv-swh-havag,97,8-nashab-97
mdv-swh-havag,X1,8-nashab-x1
mdv-swh-havag,X2,8-nashab-x2
metronom,RB31,rb31
metronom,RB41,rb41
metronom,RE2,re2
metronom,RE3,re3
metronom,RE4,re4
mitteldeutsche-regiobahn,RE 3,re3
mitteldeutsche-regiobahn,RE 6,re6
mitteldeutsche-regiobahn,RB 30,rb30
mitteldeutsche-regiobahn,RB 45,rb45
mitteldeutsche-regiobahn,RB 110,rb110
move-rab,501,5-rabrab-501
move-rab,502,5-rabrab-502
move-rab,503,5-rabrab-503
move-rab,504,5-rabrab-504
move-rab,510,5-rabrab-510
move-rab,545,5-rabrab-545
move-rab,550,5-rabrab-550
move-rab,556,5-rabrab-556
move-rab,665,5-rabrab-665
move-rab,670,5-rabrab-670
move-rab,675,5-rabrab-675
move-sbg,30,5-rbgsbg-30
move-sbg,40,5-rbgsbg-40
move-sbg,50,5-rbgsbg-50
move-sbg,600,5-rbgsbg-600
move-sbg,610,5-rbgsbg-610
move-sbg,620,5-rbgsbg-620
move-sbg,625,5-rbgsbg-625
move-sbg,700,5-rbgsbg-700
move-sbg,800,5-rbgsbg-800
move-sbg,810,5-rbgsbg-810
move-sbg,7440,5-rbgsbg-7440
move-sbg,7444,5-rbgsbg-7444
move-sbg,7445,5-rbgsbg-7445
move-sbg,7462,5-rbgsbg-7462
move-sbg,7475,5-rbgsbg-7475
move-sbg,7479,5-rbgsbg-7479
move-sbg,7481,5-rbgsbg-7481
move-sbg,7484,5-rbgsbg-7484
move-sbg,7486,5-rbgsbg-7486
move-sonstige-sbk,55,5-rabrab-55
move-sonstige-sbk,56,5-rabrab-56
move-sonstige-sbk,500,5-rabrab-500
move-sonstige-sbk,595,5-rabrab-595
move-sonstige-sbk,640,5-rabrab-640
move-sonstige-sbk,650,5-rabrab-650
move-sonstige-sbk,651,5-rabrab-651
move-sonstige-sbk,655,5-rabrab-655
move-sonstige-sbk,660,5-rabrab-660
move-sonstige-sbk,680,5-rabrab-680
move-sonstige-sbk,750,5-rabrab-750
move-sonstige-sbk,760,5-rabrab-760
move-sonstige-sbk,770,5-rabrab-770
move-sonstige-sbk,775,5-rabrab-775
move-sonstige-sbk,820,5-rabrab-820
move-sonstige-sbk,850,5-rabrab-850
move-sonstige-sbk,855,5-rabrab-855
move-sonstige-sbk,860,5-rabrab-860
move-sonstige-sbk,870,5-rabrab-870
move-sonstige-sbk,900,5-rabrab-900
move-sonstige-sbk,910,5-rabrab-910
move-sonstige-sbk,911,5-rabrab-911
move-sonstige-sbk,912,5-rabrab-912
move-sonstige-sbk,913,5-rabrab-913
move-sonstige-sbk,914,5-rabrab-914
move-sonstige-sbk,950,5-rabrab-950
move-sonstige-tt,110,5-tut001-110
move-sonstige-tt,112,5-tut001-112
move-sonstige-tt,117,5-tut001-117
move-sonstige-tt,120,5-tut001-120
move-sonstige-tt,122,5-tut001-122
move-sonstige-tt,130,5-tut001-130
move-sonstige-tt,132,5-tut001-132
move-sonstige-tt,140,5-tut001-140
move-sonstige-tt,142,5-tut001-142
move-sonstige-tt,147,5-tut001-147
move-sonstige-tt,150,5-tut001-150
move-sonstige-tt,160,5-tut001-160
move-sonstige-tt,210,5-tut001-210
move-sonstige-tt,212,5-tut001-212
move-sonstige-tt,220,5-tut001-220
move-sonstige-tt,222,5-tut001-222
move-sonstige-tt,230,5-tut001-230
move-sonstige-tt,232,5-tut001-232
move-sonstige-tt,240,5-tut001-240
move-sonstige-tt,242,5-tut001-242
move-sonstige-tt,250,5-tut001-250
move-sonstige-tt,252,5-tut001-252
move-sonstige-tt,310,5-tut001-310
move-sonstige-tt,312,5-tut001-312
move-sonstige-tt,315,5-tut001-315
move-sonstige-tt,320,5-tut001-320
move-sonstige-tt,330,5-tut001-330
move-sonstige-tt,332,5-tut001-332
move-sonstige-tt,340,5-tut001-340
move-sonstige-tt,345,5-tut001-345
move-sonstige-tt,347,5-tut001-347
move-sonstige-tt,350,5-tut001-350
move-sonstige-tt,352,5-tut001-352
move-sonstige-tt,410,5-tut001-410
move-sonstige-tt,420,5-tut001-420
move-sonstige-tt,430,5-tut001-430
move-sonstige-tt,440,5-tut001-440
move-sonstige-tt,450,5-tut001-450
move-stadtverkehr-donaueschingen,DS1,5-vsb001-ds1
move-stadtverkehr-donaueschingen,DS2,5-vsb001-ds2
move-stadtverkehr-donaueschingen,DS3,5-vsb001-ds3
move-stadtverkehr-tuttlingen,1,5-tut001-1
move-stadtverkehr-tuttlingen,2,5-tut001-2
move-stadtverkehr-tuttlingen,3,5-tut001-3
move-stadtverkehr-tuttlingen,4,5-tut001-4
move-stadtverkehr-tuttlingen,5,5-tut001-5
move-stadtverkehr-tuttlingen,7,5-tut001-7
move-stadtverkehr-tuttlingen,8,5-tut001-8
move-stadtverkehr-tuttlingen,10,5-tut001-10
move-stadtverkehr-tuttlingen,11,5-tut001-11
move-stadtverkehr-villingen,1,5-vsb001-1
move-stadtverkehr-villingen,2,5-vsb001-2
move-stadtverkehr-villingen,3,5-vsb001-3
move-stadtverkehr-villingen,4,5-vsb001-4
move-stadtverkehr-villingen,5,5-vsb001-5
move-stadtverkehr-villingen,6,5-vsb001-6
move-stadtverkehr-villingen,7,5-vsb001-7
move-stadtverkehr-villingen,8,5-vsb001-8
move-stadtverkehr-villingen,9,5-vsb001-9
move-stadtverkehr-villingen,10,5-vsb001-10
move-stadtverkehr-villingen,11,5-vsb001-11
move-stadtverkehr-villingen,12,5-vsb001-12
move-stadtverkehr-villingen,13,5-vsb001-13
move-stadtverkehr-villingen,14,5-vsb001-14
move-stadtverkehr-villingen,15,5-vsb001-15
move-stadtverkehr-villingen,16,5-vsb001-16
move-stadtverkehr-villingen,25,5-vsb001-25
move-stadtverkehr-villingen,26,5-vsb001-26
move-stadtverkehr-villingen,27,5-vsb001-27
move-stadtverkehr-villingen,28,5-vsb001-28
move-suedwestbus,7404,5-rbgrvs-7404
move-suedwestbus,7410,5-rbgrvs-7410
move-suedwestbus,7414,5-rbgrvs-7414
move-suedwestbus,7415,5-rbgrvs-7415
move-suedwestbus,7415A,5-rbgrvs-7415a
move-suedwestbus,7415B,5-rbgrvs-7415b
move-suedwestbus,7432,5-rbgrvs-7432
mvb-magdeburg,51,5-nasmbb-51
mvb-magdeburg,52,5-nasmbb-52
mvb-magdeburg,53,5-nasmbb-53
mvb-magdeburg,54,5-nasmbb-54
mvb-magdeburg,56,5-nasmbb-56
mvb-magdeburg,57,5-nasmbb-57
mvb-magdeburg,58,5-nasmbb-58
mvb-magdeburg,59,5-nasmbb-59
mvb-magdeburg,61,5-nasmbb-61
mvb-magdeburg,66,5-nasmbb-66
mvb-magdeburg,69,5-nasmbb-69
mvb-magdeburg,71,5-nasmbb-71
mvb-magdeburg,72,5-nasmbb-72
mvb-magdeburg,73,5-nasmbb-73
mvb-magdeburg,1,8-nasmbt-1
mvb-magdeburg,2,8-nasmbt-2
mvb-magdeburg,3,8-nasmbt-3
mvb-magdeburg,4,8-nasmbt-4
mvb-magdeburg,5,8-nasmbt-5
mvb-magdeburg,6,8-nasmbt-6
mvb-magdeburg,9,8-nasmbt-9
mvb-magdeburg,10,8-nasmbt-10
mvv-db-sbm,S1,s1
mvv-db-sbm,S2,s2
mvv-db-sbm,S3,s3
mvv-db-sbm,S4,s4
mvv-db-sbm,S5,s5
mvv-db-sbm,S6,s6
mvv-db-sbm,S7,s7
mvv-db-sbm,S8,s8
mvv-db-sbm,S20,s20
mvv-mvg-bus,50,5-swm003-50
mvv-mvg-bus,51,5-swm003-51
mvv-mvg-bus,52,5-swm003-52
mvv-mvg-bus,53,5-swm003-53
mvv-mvg-bus,54,5-swm003-54
mvv-mvg-bus,55,5-swm003-55
mvv-mvg-bus,56,5-swm003-56
mvv-mvg-bus,57,5-swm003-57
mvv-mvg-bus,58,5-swm003-58
mvv-mvg-bus,59,5-swm003-59
mvv-mvg-bus,60,5-swm003-60
mvv-mvg-bus,62,5-swm003-62
mvv-mvg-bus,63,5-swm003-63
mvv-mvg-bus,68,5-swm003-68
mvv-mvg-bus,100,5-swm003-100
mvv-mvg-bus,130,5-swm003-130
mvv-mvg-bus,132,5-swm003-132
mvv-mvg-bus,134,5-swm003-134
mvv-mvg-bus,135,5-swm003-135
mvv-mvg-bus,136,5-swm003-136
mvv-mvg-bus,139,5-swm003-139
mvv-mvg-bus,140,5-swm003-140
mvv-mvg-bus,141,5-swm003-141
mvv-mvg-bus,142,5-swm003-142
mvv-mvg-bus,143,5-swm003-143
mvv-mvg-bus,144,5-swm003-144
mvv-mvg-bus,145,5-swm003-145
mvv-mvg-bus,147,5-swm003-147
mvv-mvg-bus,149,5-swm003-149
mvv-mvg-bus,150,5-swm003-150
mvv-mvg-bus,151,5-swm003-151
mvv-mvg-bus,153,5-swm003-153
mvv-mvg-bus,154,5-swm003-154
mvv-mvg-bus,155,5-swm003-155
mvv-mvg-bus,157,5-swm003-157
mvv-mvg-bus,158,5-swm003-158
mvv-mvg-bus,159,5-swm003-159
mvv-mvg-bus,160,5-swm003-160
mvv-mvg-bus,161,5-swm003-161
mvv-mvg-bus,162,5-swm003-162
mvv-mvg-bus,163,5-swm003-163
mvv-mvg-bus,164,5-swm003-164
mvv-mvg-bus,165,5-swm003-165
mvv-mvg-bus,166,5-swm003-166
mvv-mvg-bus,167,5-swm003-167
mvv-mvg-bus,168,5-swm003-168
mvv-mvg-bus,169,5-swm003-169
mvv-mvg-bus,170,5-swm003-170
mvv-mvg-bus,171,5-swm003-171
mvv-mvg-bus,172,5-swm003-172
mvv-mvg-bus,173,5-swm003-173
mvv-mvg-bus,174,5-swm003-174
mvv-mvg-bus,175,5-swm003-175
mvv-mvg-bus,176,5-swm003-176
mvv-mvg-bus,177,5-swm003-177
mvv-mvg-bus,178,5-swm003-178
mvv-mvg-bus,179,5-swm003-179
mvv-mvg-bus,180,5-swm003-180
mvv-mvg-bus,181,5-swm003-181
mvv-mvg-bus,183,5-swm003-183
mvv-mvg-bus,184,5-swm003-184
mvv-mvg-bus,185,5-swm003-185
mvv-mvg-bus,186,5-swm003-186
mvv-mvg-bus,187,5-swm003-187
mvv-mvg-bus,188,5-swm003-188
mvv-mvg-bus,189,5-swm003-189
mvv-mvg-bus,190,5-swm003-190
mvv-mvg-bus,191,5-swm003-191
mvv-mvg-bus,192,5-swm003-192
mvv-mvg-bus,193,5-swm003-193
mvv-mvg-bus,194,5-swm003-194
mvv-mvg-bus,195,5-swm003-195
mvv-mvg-bus,196,5-swm003-196
mvv-mvg-bus,197,5-swm003-197
mvv-mvg-bus,198,5-swm003-198
mvv-mvg-bus,199,5-swm003-199
mvv-mvg-bus,N80,5-swm003-n80
mvv-mvg-bus,N81,5-swm003-n81
mvv-mvg-bus,X30,5-swm003-x30
mvv-mvg-bus,X35,5-swm003-x35
mvv-mvg-bus,X36,5-swm003-x36
mvv-mvg-bus,X80,5-swm003-x80
mvv-mvg-tram,12,8-swm002-12
mvv-mvg-tram,14,8-swm002-14
mvv-mvg-tram,16,8-swm002-16
mvv-mvg-tram,17,8-swm002-17
mvv-mvg-tram,18,8-swm002-18
mvv-mvg-tram,19,8-swm002-19
mvv-mvg-tram,20,8-swm002-20
mvv-mvg-tram,21,8-swm002-21
mvv-mvg-tram,23,8-swm002-23
mvv-mvg-tram,25,8-swm002-25
mvv-mvg-tram,27,8-swm002-27
mvv-mvg-tram,28,8-swm002-28
mvv-mvg-tram,29,8-swm002-29
mvv-mvg-tram,E7,8-swm002-e7
mvv-mvg-tram,N17,8-swm002-n17
mvv-mvg-tram,N19,8-swm002-n19
mvv-mvg-tram,N20,8-swm002-n20
mvv-mvg-tram,N27,8-swm002-n27
mvv-mvg-ubahn,U1,7-swm001-1
mvv-mvg-ubahn,U2,7-swm001-2
mvv-mvg-ubahn,U3,7-swm001-3
mvv-mvg-ubahn,U4,7-swm001-4
mvv-mvg-ubahn,U5,7-swm001-5
mvv-mvg-ubahn,U6,7-swm001-6
mvv-mvg-ubahn,U7,7-swm001-7
mvv-mvg-ubahn,U8,7-swm001-8
mvv-regional-bus,210,5-mvvrbu-210
mvv-regional-bus,211,5-mvvrbu-211
mvv-regional-bus,211V,5-mvvrbu-211V
mvv-regional-bus,211W,5-mvvrbu-211W
mvv-regional-bus,212,5-mvvrbu-212
mvv-regional-bus,214,5-mvvrbu-214
mvv-regional-bus,214V,5-mvvrbu-214V
mvv-regional-bus,215,5-mvvrbu-215
mvv-regional-bus,216,5-mvvrbu-216
mvv-regional-bus,216V,5-mvvrbu-216V
mvv-regional-bus,217,5-mvvrbu-217
mvv-regional-bus,218,5-mvvrbu-218
mvv-regional-bus,219,5-mvvrbu-219
mvv-regional-bus,219V,5-mvvrbu-219V
mvv-regional-bus,220,5-mvvrbu-220
mvv-regional-bus,220V,5-mvvrbu-220V
mvv-regional-bus,221,5-mvvrbu-221
mvv-regional-bus,222,5-mvvrbu-222
mvv-regional-bus,222V,5-mvvrbu-222V
mvv-regional-bus,223,5-mvvrbu-223
mvv-regional-bus,224,5-mvvrbu-224
mvv-regional-bus,225,5-mvvrbu-225
mvv-regional-bus,226,5-mvvrbu-226
mvv-regional-bus,227,5-mvvrbu-227
mvv-regional-bus,229,5-mvvrbu-229
mvv-regional-bus,230,5-mvvrbu-230
mvv-regional-bus,230V,5-mvvrbu-230V
mvv-regional-bus,231,5-mvvrbu-231
mvv-regional-bus,231V,5-mvvrbu-231V
mvv-regional-bus,232,5-mvvrbu-232
mvv-regional-bus,233,5-mvvrbu-233
mvv-regional-bus,234,5-mvvrbu-234
mvv-regional-bus,234V,5-mvvrbu-234V
mvv-regional-bus,236,5-mvvrbu-236
mvv-regional-bus,240,5-mvvrbu-240
mvv-regional-bus,240V,5-mvvrbu-240V
mvv-regional-bus,240W,5-mvvrbu-240W
mvv-regional-bus,241,5-mvvrbu-241
mvv-regional-bus,242,5-mvvrbu-242
mvv-regional-bus,242V,5-mvvrbu-242V
mvv-regional-bus,243,5-mvvrbu-243
mvv-regional-bus,244,5-mvvrbu-244
mvv-regional-bus,258,5-mvvrbu-258
mvv-regional-bus,259,5-mvvrbu-259
mvv-regional-bus,260,5-mvvrbu-260
mvv-regional-bus,260V,5-mvvrbu-260V
mvv-regional-bus,261,5-mvvrbu-261
mvv-regional-bus,262,5-mvvrbu-262
mvv-regional-bus,262V,5-mvvrbu-262V
mvv-regional-bus,263,5-mvvrbu-263
mvv-regional-bus,263V,5-mvvrbu-263V
mvv-regional-bus,264,5-mvvrbu-264
mvv-regional-bus,265,5-mvvrbu-265
mvv-regional-bus,266,5-mvvrbu-266
mvv-regional-bus,267,5-mvvrbu-267
mvv-regional-bus,267V,5-mvvrbu-267V
mvv-regional-bus,268,5-mvvrbu-268
mvv-regional-bus,269,5-mvvrbu-269
mvv-regional-bus,270,5-mvvrbu-270
mvv-regional-bus,270V,5-mvvrbu-270V
mvv-regional-bus,271,5-mvvrbu-271
mvv-regional-bus,271V,5-mvvrbu-271V
mvv-regional-bus,275,5-mvvrbu-275
mvv-regional-bus,276,5-mvvrbu-276
mvv-regional-bus,277,5-mvvrbu-277
mvv-regional-bus,278,5-mvvrbu-278
mvv-regional-bus,290,5-mvvrbu-290
mvv-regional-bus,290V,5-mvvrbu-290V
mvv-regional-bus,291,5-mvvrbu-291
mvv-regional-bus,292,5-mvvrbu-292
mvv-regional-bus,293,5-mvvrbu-293
mvv-regional-bus,294,5-mvvrbu-294
mvv-regional-bus,295,5-mvvrbu-295
mvv-regional-bus,299,5-mvvrbu-299
mvv-regional-bus,301,5-mvvrbu-301
mvv-regional-bus,302,5-mvvrbu-302
mvv-regional-bus,310,5-mvvrbu-310
mvv-regional-bus,311,5-mvvrbu-311
mvv-regional-bus,312,5-mvvrbu-312
mvv-regional-bus,316,5-mvvrbu-316
mvv-regional-bus,318,5-mvvrbu-318
mvv-regional-bus,319,5-mvvrbu-319
mvv-regional-bus,321,5-mvvrbu-321
mvv-regional-bus,322,5-mvvrbu-322
mvv-regional-bus,323,5-mvvrbu-323
mvv-regional-bus,324,5-mvvrbu-324
mvv-regional-bus,325,5-mvvrbu-325
mvv-regional-bus,326,5-mvvrbu-326
mvv-regional-bus,328,5-mvvrbu-328
mvv-regional-bus,329,5-mvvrbu-329
mvv-regional-bus,331,5-mvvrbu-331
mvv-regional-bus,332,5-mvvrbu-332
mvv-regional-bus,333,5-mvvrbu-333
mvv-regional-bus,334,5-mvvrbu-334
mvv-regional-bus,336,5-mvvrbu-336
mvv-regional-bus,337,5-mvvrbu-337
mvv-regional-bus,338,5-mvvrbu-338
mvv-regional-bus,339,5-mvvrbu-339
mvv-regional-bus,340,5-mvvrbu-340
mvv-regional-bus,341,5-mvvrbu-341
mvv-regional-bus,342,5-mvvrbu-342
mvv-regional-bus,343,5-mvvrbu-343
mvv-regional-bus,344,5-mvvrbu-344
mvv-regional-bus,345,5-mvvrbu-345
mvv-regional-bus,346,5-mvvrbu-346
mvv-regional-bus,347,5-mvvrbu-347
mvv-regional-bus,348,5-mvvrbu-348
mvv-regional-bus,349,5-mvvrbu-349
mvv-regional-bus,352,5-mvvrbu-352
mvv-regional-bus,353,5-mvvrbu-353
mvv-regional-bus,354,5-mvvrbu-354
mvv-regional-bus,355,5-mvvrbu-355
mvv-regional-bus,356,5-mvvrbu-356
mvv-regional-bus,357,5-mvvrbu-357
mvv-regional-bus,358,5-mvvrbu-358
mvv-regional-bus,359,5-mvvrbu-359
mvv-regional-bus,360,5-mvvrbu-360
mvv-regional-bus,361,5-mvvrbu-361
mvv-regional-bus,362,5-mvvrbu-362
mvv-regional-bus,363,5-mvvrbu-363
mvv-regional-bus,364,5-mvvrbu-364
mvv-regional-bus,366,5-mvvrbu-366
mvv-regional-bus,367,5-mvvrbu-367
mvv-regional-bus,368,5-mvvrbu-368
mvv-regional-bus,368V,5-mvvrbu-368V
mvv-regional-bus,369,5-mvvrbu-369
mvv-regional-bus,370,5-mvvrbu-370
mvv-regional-bus,370V,5-mvvrbu-370V
mvv-regional-bus,371,5-mvvrbu-371
mvv-regional-bus,371V,5-mvvrbu-371V
mvv-regional-bus,372,5-mvvrbu-372
mvv-regional-bus,373,5-mvvrbu-373
mvv-regional-bus,373V,5-mvvrbu-373V
mvv-regional-bus,374,5-mvvrbu-374
mvv-regional-bus,375,5-mvvrbu-375
mvv-regional-bus,375V,5-mvvrbu-375V
mvv-regional-bus,376,5-mvvrbu-376
mvv-regional-bus,377,5-mvvrbu-377
mvv-regional-bus,377V,5-mvvrbu-377V
mvv-regional-bus,378,5-mvvrbu-378
mvv-regional-bus,379,5-mvvrbu-379
mvv-regional-bus,379V,5-mvvrbu-379V
mvv-regional-bus,391,5-mvvrbu-391
mvv-regional-bus,392,5-mvvrbu-392
mvv-regional-bus,393,5-mvvrbu-393
mvv-regional-bus,393V,5-mvvrbu-393V
mvv-regional-bus,394,5-mvvrbu-394
mvv-regional-bus,395,5-mvvrbu-395
mvv-regional-bus,397,5-mvvrbu-397
mvv-regional-bus,401,5-mvvrbu-401
mvv-regional-bus,402,5-mvvrbu-402
mvv-regional-bus,403,5-mvvrbu-403
mvv-regional-bus,404,5-mvvrbu-404
mvv-regional-bus,405,5-mvvrbu-405
mvv-regional-bus,405V,5-mvvrbu-405V
mvv-regional-bus,406,5-mvvrbu-406
mvv-regional-bus,407,5-mvvrbu-407
mvv-regional-bus,407V,5-mvvrbu-407V
mvv-regional-bus,408,5-mvvrbu-408
mvv-regional-bus,409,5-mvvrbu-409
mvv-regional-bus,410,5-mvvrbu-410
mvv-regional-bus,411,5-mvvrbu-411
mvv-regional-bus,412,5-mvvrbu-412
mvv-regional-bus,413,5-mvvrbu-413
mvv-regional-bus,420,5-mvvrbu-420
mvv-regional-bus,421,5-mvvrbu-421
mvv-regional-bus,422,5-mvvrbu-422
mvv-regional-bus,423,5-mvvrbu-423
mvv-regional-bus,424,5-mvvrbu-424
mvv-regional-bus,426,5-mvvrbu-426
mvv-regional-bus,427,5-mvvrbu-427
mvv-regional-bus,429,5-mvvrbu-429
mvv-regional-bus,431,5-mvvrbu-431
mvv-regional-bus,432,5-mvvrbu-432
mvv-regional-bus,433,5-mvvrbu-433
mvv-regional-bus,434,5-mvvrbu-434
mvv-regional-bus,435,5-mvvrbu-435
mvv-regional-bus,436,5-mvvrbu-436
mvv-regional-bus,437,5-mvvrbu-437
mvv-regional-bus,438,5-mvvrbu-438
mvv-regional-bus,439,5-mvvrbu-439
mvv-regional-bus,440,5-mvvrbu-440
mvv-regional-bus,442,5-mvvrbu-442
mvv-regional-bus,443,5-mvvrbu-443
mvv-regional-bus,444,5-mvvrbu-444
mvv-regional-bus,444V,5-mvvrbu-444V
mvv-regional-bus,445,5-mvvrbu-445
mvv-regional-bus,445V,5-mvvrbu-445V
mvv-regional-bus,446,5-mvvrbu-446
mvv-regional-bus,446V,5-mvvrbu-446V
mvv-regional-bus,447,5-mvvrbu-447
mvv-regional-bus,448,5-mvvrbu-448
mvv-regional-bus,451,5-mvvrbu-451
mvv-regional-bus,452,5-mvvrbu-452
mvv-regional-bus,453,5-mvvrbu-453
mvv-regional-bus,454,5-mvvrbu-454
mvv-regional-bus,455,5-mvvrbu-455
mvv-regional-bus,456,5-mvvrbu-456
mvv-regional-bus,459,5-mvvrbu-459
mvv-regional-bus,460,5-mvvrbu-460
mvv-regional-bus,461,5-mvvrbu-461
mvv-regional-bus,462,5-mvvrbu-462
mvv-regional-bus,463,5-mvvrbu-463
mvv-regional-bus,464,5-mvvrbu-464
mvv-regional-bus,465,5-mvvrbu-465
mvv-regional-bus,465V,5-mvvrbu-465V
mvv-regional-bus,466,5-mvvrbu-466
mvv-regional-bus,466V,5-mvvrbu-466V
mvv-regional-bus,468,5-mvvrbu-468
mvv-regional-bus,469,5-mvvrbu-469
mvv-regional-bus,469V,5-mvvrbu-469V
mvv-regional-bus,470,5-mvvrbu-470
mvv-regional-bus,474,5-mvvrbu-474
mvv-regional-bus,475,5-mvvrbu-475
mvv-regional-bus,476,5-mvvrbu-476
mvv-regional-bus,477,5-mvvrbu-477
mvv-regional-bus,478,5-mvvrbu-478
mvv-regional-bus,479,5-mvvrbu-479
mvv-regional-bus,481,5-mvvrbu-481
mvv-regional-bus,482,5-mvvrbu-482
mvv-regional-bus,488,5-mvvrbu-488
mvv-regional-bus,489,5-mvvrbu-489
mvv-regional-bus,490,5-mvvrbu-490
mvv-regional-bus,491,5-mvvrbu-491
mvv-regional-bus,492,5-mvvrbu-492
mvv-regional-bus,493,5-mvvrbu-493
mvv-regional-bus,494,5-mvvrbu-494
mvv-regional-bus,495,5-mvvrbu-495
mvv-regional-bus,496,5-mvvrbu-496
mvv-regional-bus,497,5-mvvrbu-497
mvv-regional-bus,498,5-mvvrbu-498
mvv-regional-bus,501,5-mvvrbu-501
mvv-regional-bus,501V,5-mvvrbu-501V
mvv-regional-bus,502,5-mvvrbu-502
mvv-regional-bus,502V,5-mvvrbu-502V
mvv-regional-bus,505,5-mvvrbu-505
mvv-regional-bus,505V,5-mvvrbu-505V
mvv-regional-bus,507,5-mvvrbu-507
mvv-regional-bus,511,5-mvvrbu-511
mvv-regional-bus,511V,5-mvvrbu-511V
mvv-regional-bus,512,5-mvvrbu-512
mvv-regional-bus,512V,5-mvvrbu-512V
mvv-regional-bus,513,5-mvvrbu-513
mvv-regional-bus,513V,5-mvvrbu-513V
mvv-regional-bus,515,5-mvvrbu-515
mvv-regional-bus,522,5-mvvrbu-522
mvv-regional-bus,523,5-mvvrbu-523
mvv-regional-bus,524,5-mvvrbu-524
mvv-regional-bus,524V,5-mvvrbu-524V
mvv-regional-bus,525,5-mvvrbu-525
mvv-regional-bus,526,5-mvvrbu-526
mvv-regional-bus,527,5-mvvrbu-527
mvv-regional-bus,528,5-mvvrbu-528
mvv-regional-bus,531,5-mvvrbu-531
mvv-regional-bus,532,5-mvvrbu-532
mvv-regional-bus,533,5-mvvrbu-533
mvv-regional-bus,534,5-mvvrbu-534
mvv-regional-bus,535,5-mvvrbu-535
mvv-regional-bus,536,5-mvvrbu-536
mvv-regional-bus,537,5-mvvrbu-537
mvv-regional-bus,538,5-mvvrbu-538
mvv-regional-bus,539,5-mvvrbu-539
mvv-regional-bus,539V,5-mvvrbu-539V
mvv-regional-bus,541F,5-mvvrbu-541F
mvv-regional-bus,541H,5-mvvrbu-541H
mvv-regional-bus,541S,5-mvvrbu-541S
mvv-regional-bus,542,5-mvvrbu-542
mvv-regional-bus,543,5-mvvrbu-543
mvv-regional-bus,545,5-mvvrbu-545
mvv-regional-bus,546,5-mvvrbu-546
mvv-regional-bus,547,5-mvvrbu-547
mvv-regional-bus,548,5-mvvrbu-548
mvv-regional-bus,549,5-mvvrbu-549
mvv-regional-bus,553,5-mvvrbu-553
mvv-regional-bus,555,5-mvvrbu-555
mvv-regional-bus,557,5-mvvrbu-557
mvv-regional-bus,558,5-mvvrbu-558
mvv-regional-bus,559,5-mvvrbu-559
mvv-regional-bus,561,5-mvvrbu-561
mvv-regional-bus,562,5-mvvrbu-562
mvv-regional-bus,562V,5-mvvrbu-562V
mvv-regional-bus,564,5-mvvrbu-564
mvv-regional-bus,564V,5-mvvrbu-564V
mvv-regional-bus,565,5-mvvrbu-565
mvv-regional-bus,567,5-mvvrbu-567
mvv-regional-bus,567V,5-mvvrbu-567V
mvv-regional-bus,568,5-mvvrbu-568
mvv-regional-bus,568V,5-mvvrbu-568V
mvv-regional-bus,569,5-mvvrbu-569
mvv-regional-bus,569V,5-mvvrbu-569V
mvv-regional-bus,570,5-mvvrbu-570
mvv-regional-bus,571,5-mvvrbu-571
mvv-regional-bus,573,5-mvvrbu-573
mvv-regional-bus,574,5-mvvrbu-574
mvv-regional-bus,575,5-mvvrbu-575
mvv-regional-bus,576,5-mvvrbu-576
mvv-regional-bus,579,5-mvvrbu-579
mvv-regional-bus,580,5-mvvrbu-580
mvv-regional-bus,580V,5-mvvrbu-580V
mvv-regional-bus,581,5-mvvrbu-581
mvv-regional-bus,582,5-mvvrbu-582
mvv-regional-bus,584,5-mvvrbu-584
mvv-regional-bus,586,5-mvvrbu-586
mvv-regional-bus,587,5-mvvrbu-587
mvv-regional-bus,590,5-mvvrbu-590
mvv-regional-bus,592,5-mvvrbu-592
mvv-regional-bus,593,5-mvvrbu-593
mvv-regional-bus,594,5-mvvrbu-594
mvv-regional-bus,595,5-mvvrbu-595
mvv-regional-bus,596,5-mvvrbu-596
mvv-regional-bus,598,5-mvvrbu-598
mvv-regional-bus,599,5-mvvrbu-599
mvv-regional-bus,635,5-mvvrbu-635
mvv-regional-bus,661,5-mvvrbu-661
mvv-regional-bus,662,5-mvvrbu-662
mvv-regional-bus,662V,5-mvvrbu-662V
mvv-regional-bus,663,5-mvvrbu-663
mvv-regional-bus,664,5-mvvrbu-664
mvv-regional-bus,664V,5-mvvrbu-664V
mvv-regional-bus,665,5-mvvrbu-665
mvv-regional-bus,666,5-mvvrbu-666
mvv-regional-bus,667,5-mvvrbu-667
mvv-regional-bus,668,5-mvvrbu-668
mvv-regional-bus,671,5-mvvrbu-671
mvv-regional-bus,672,5-mvvrbu-672
mvv-regional-bus,674,5-mvvrbu-674
mvv-regional-bus,675,5-mvvrbu-675
mvv-regional-bus,676,5-mvvrbu-676
mvv-regional-bus,678,5-mvvrbu-678
mvv-regional-bus,679,5-mvvrbu-679
mvv-regional-bus,680,5-mvvrbu-680
mvv-regional-bus,681,5-mvvrbu-681
mvv-regional-bus,682,5-mvvrbu-682
mvv-regional-bus,682V,5-mvvrbu-682V
mvv-regional-bus,683,5-mvvrbu-683
mvv-regional-bus,683V,5-mvvrbu-683V
mvv-regional-bus,684,5-mvvrbu-684
mvv-regional-bus,685,5-mvvrbu-685
mvv-regional-bus,686,5-mvvrbu-686
mvv-regional-bus,687,5-mvvrbu-687
mvv-regional-bus,688,5-mvvrbu-688
mvv-regional-bus,690,5-mvvrbu-690
mvv-regional-bus,691,5-mvvrbu-691
mvv-regional-bus,691V,5-mvvrbu-691V
mvv-regional-bus,692,5-mvvrbu-692
mvv-regional-bus,693,5-mvvrbu-693
mvv-regional-bus,694,5-mvvrbu-694
mvv-regional-bus,695,5-mvvrbu-695
mvv-regional-bus,696,5-mvvrbu-696
mvv-regional-bus,698,5-mvvrbu-698
mvv-regional-bus,698V,5-mvvrbu-698V
mvv-regional-bus,701,5-mvvrbu-701
mvv-regional-bus,702,5-mvvrbu-702
mvv-regional-bus,703,5-mvvrbu-703
mvv-regional-bus,704,5-mvvrbu-704
mvv-regional-bus,705,5-mvvrbu-705
mvv-regional-bus,706,5-mvvrbu-706
mvv-regional-bus,707,5-mvvrbu-707
mvv-regional-bus,708,5-mvvrbu-708
mvv-regional-bus,708V,5-mvvrbu-708V
mvv-regional-bus,710,5-mvvrbu-710
mvv-regional-bus,711,5-mvvrbu-711
mvv-regional-bus,715,5-mvvrbu-715
mvv-regional-bus,721,5-mvvrbu-721
mvv-regional-bus,721V,5-mvvrbu-721V
mvv-regional-bus,723,5-mvvrbu-723
mvv-regional-bus,725,5-mvvrbu-725
mvv-regional-bus,725V,5-mvvrbu-725V
mvv-regional-bus,727,5-mvvrbu-727
mvv-regional-bus,727V,5-mvvrbu-727V
mvv-regional-bus,728,5-mvvrbu-728
mvv-regional-bus,729,5-mvvrbu-729
mvv-regional-bus,771,5-mvvrbu-771
mvv-regional-bus,772,5-mvvrbu-772
mvv-regional-bus,772V,5-mvvrbu-772V
mvv-regional-bus,782,5-mvvrbu-782
mvv-regional-bus,785,5-mvvrbu-785
mvv-regional-bus,791,5-mvvrbu-791
mvv-regional-bus,791V,5-mvvrbu-791V
mvv-regional-bus,803,5-mvvrbu-803
mvv-regional-bus,804,5-mvvrbu-804
mvv-regional-bus,805,5-mvvrbu-805
mvv-regional-bus,807,5-mvvrbu-807
mvv-regional-bus,809,5-mvvrbu-809
mvv-regional-bus,809V,5-mvvrbu-809V
mvv-regional-bus,810,5-mvvrbu-810
mvv-regional-bus,811,5-mvvrbu-811
mvv-regional-bus,812,5-mvvrbu-812
mvv-regional-bus,812V,5-mvvrbu-812V
mvv-regional-bus,813,5-mvvrbu-813
mvv-regional-bus,813V,5-mvvrbu-813V
mvv-regional-bus,814,5-mvvrbu-814
mvv-regional-bus,814V,5-mvvrbu-814V
mvv-regional-bus,815,5-mvvrbu-815
mvv-regional-bus,816,5-mvvrbu-816
mvv-regional-bus,817,5-mvvrbu-817
mvv-regional-bus,818,5-mvvrbu-818
mvv-regional-bus,820,5-mvvrbu-820
mvv-regional-bus,822,5-mvvrbu-822
mvv-regional-bus,823,5-mvvrbu-823
mvv-regional-bus,825,5-mvvrbu-825
mvv-regional-bus,826,5-mvvrbu-826
mvv-regional-bus,829,5-mvvrbu-829
mvv-regional-bus,830,5-mvvrbu-830
mvv-regional-bus,832,5-mvvrbu-832
mvv-regional-bus,833,5-mvvrbu-833
mvv-regional-bus,835,5-mvvrbu-835
mvv-regional-bus,837,5-mvvrbu-837
mvv-regional-bus,838,5-mvvrbu-838
mvv-regional-bus,839,5-mvvrbu-839
mvv-regional-bus,840,5-mvvrbu-840
mvv-regional-bus,843,5-mvvrbu-843
mvv-regional-bus,845,5-mvvrbu-845
mvv-regional-bus,851,5-mvvrbu-851
mvv-regional-bus,852,5-mvvrbu-852
mvv-regional-bus,853,5-mvvrbu-853
mvv-regional-bus,854,5-mvvrbu-854
mvv-regional-bus,855,5-mvvrbu-855
mvv-regional-bus,856,5-mvvrbu-856
mvv-regional-bus,857,5-mvvrbu-857
mvv-regional-bus,858,5-mvvrbu-858
mvv-regional-bus,859,5-mvvrbu-859
mvv-regional-bus,860,5-mvvrbu-860
mvv-regional-bus,861,5-mvvrbu-861
mvv-regional-bus,862,5-mvvrbu-862
mvv-regional-bus,863,5-mvvrbu-863
mvv-regional-bus,871,5-mvvrbu-871
mvv-regional-bus,872,5-mvvrbu-872
mvv-regional-bus,873,5-mvvrbu-873
mvv-regional-bus,874,5-mvvrbu-874
mvv-regional-bus,875,5-mvvrbu-875
mvv-regional-bus,881,5-mvvrbu-881
mvv-regional-bus,881V,5-mvvrbu-881V
mvv-regional-bus,882,5-mvvrbu-882
mvv-regional-bus,883,5-mvvrbu-883
mvv-regional-bus,885,5-mvvrbu-885
mvv-regional-bus,886,5-mvvrbu-886
mvv-regional-bus,886V,5-mvvrbu-886V
mvv-regional-bus,887,5-mvvrbu-887
mvv-regional-bus,891,5-mvvrbu-891
mvv-regional-bus,892,5-mvvrbu-892
mvv-regional-bus,893,5-mvvrbu-893
mvv-regional-bus,894,5-mvvrbu-894
mvv-regional-bus,894V,5-mvvrbu-894V
mvv-regional-bus,895,5-mvvrbu-895
mvv-regional-bus,896,5-mvvrbu-896
mvv-regional-bus,897,5-mvvrbu-897
mvv-regional-bus,899,5-mvvrbu-899
mvv-regional-bus,901,5-mvvrbu-901
mvv-regional-bus,902,5-mvvrbu-902
mvv-regional-bus,903,5-mvvrbu-903
mvv-regional-bus,905,5-mvvrbu-905
mvv-regional-bus,906,5-mvvrbu-906
mvv-regional-bus,909,5-mvvrbu-909
mvv-regional-bus,911,5-mvvrbu-911
mvv-regional-bus,912,5-mvvrbu-912
mvv-regional-bus,913,5-mvvrbu-913
mvv-regional-bus,914,5-mvvrbu-914
mvv-regional-bus,921,5-mvvrbu-921
mvv-regional-bus,921V,5-mvvrbu-921V
mvv-regional-bus,923,5-mvvrbu-923
mvv-regional-bus,924,5-mvvrbu-924
mvv-regional-bus,928,5-mvvrbu-928
mvv-regional-bus,928V,5-mvvrbu-928V
mvv-regional-bus,931,5-mvvrbu-931
mvv-regional-bus,932,5-mvvrbu-932
mvv-regional-bus,934,5-mvvrbu-934
mvv-regional-bus,935,5-mvvrbu-935
mvv-regional-bus,936,5-mvvrbu-936
mvv-regional-bus,937,5-mvvrbu-937
mvv-regional-bus,938,5-mvvrbu-938
mvv-regional-bus,939,5-mvvrbu-939
mvv-regional-bus,940,5-mvvrbu-940
mvv-regional-bus,941,5-mvvrbu-941
mvv-regional-bus,942,5-mvvrbu-942
mvv-regional-bus,944,5-mvvrbu-944
mvv-regional-bus,947,5-mvvrbu-947
mvv-regional-bus,947V,5-mvvrbu-947V
mvv-regional-bus,948,5-mvvrbu-948
mvv-regional-bus,949,5-mvvrbu-949
mvv-regional-bus,950,5-mvvrbu-950
mvv-regional-bus,950V,5-mvvrbu-950V
mvv-regional-bus,951,5-mvvrbu-951
mvv-regional-bus,952,5-mvvrbu-952
mvv-regional-bus,953,5-mvvrbu-953
mvv-regional-bus,955,5-mvvrbu-955
mvv-regional-bus,956,5-mvvrbu-956
mvv-regional-bus,957,5-mvvrbu-957
mvv-regional-bus,958,5-mvvrbu-958
mvv-regional-bus,962,5-mvvrbu-962
mvv-regional-bus,963,5-mvvrbu-963
mvv-regional-bus,965,5-mvvrbu-965
mvv-regional-bus,966,5-mvvrbu-966
mvv-regional-bus,967,5-mvvrbu-967
mvv-regional-bus,968,5-mvvrbu-968
mvv-regional-bus,969,5-mvvrbu-969
mvv-regional-bus,971,5-mvvrbu-971
mvv-regional-bus,972,5-mvvrbu-972
mvv-regional-bus,973,5-mvvrbu-973
mvv-regional-bus,974,5-mvvrbu-974
mvv-regional-bus,975,5-mvvrbu-975
mvv-regional-bus,976,5-mvvrbu-976
mvv-regional-bus,977,5-mvvrbu-977
mvv-regional-bus,978,5-mvvrbu-978
mvv-regional-bus,978V,5-mvvrbu-978V
mvv-regional-bus,979,5-mvvrbu-979
mvv-regional-bus,980,5-mvvrbu-980
mvv-regional-bus,981,5-mvvrbu-981
mvv-regional-bus,982,5-mvvrbu-982
mvv-regional-bus,984,5-mvvrbu-984
mvv-regional-bus,985,5-mvvrbu-985
mvv-regional-bus,986,5-mvvrbu-986
mvv-regional-bus,987,5-mvvrbu-987
mvv-regional-bus,989,5-mvvrbu-989
mvv-regional-bus,1041,5-mvvrbu-1041
mvv-regional-bus,2019,5-mvvrbu-2019
mvv-regional-bus,2025,5-mvvrbu-2025
mvv-regional-bus,2026,5-mvvrbu-2026
mvv-regional-bus,2100,5-mvvrbu-2100
mvv-regional-bus,4000,5-mvvrbu-4000
mvv-regional-bus,4800,5-mvvrbu-4800
mvv-regional-bus,4900,5-mvvrbu-4900
mvv-regional-bus,5010,5-mvvrbu-5010
mvv-regional-bus,5020,5-mvvrbu-5020
mvv-regional-bus,5050,5-mvvrbu-5050
mvv-regional-bus,5403,5-mvvrbu-5403
mvv-regional-bus,5621,5-mvvrbu-5621
mvv-regional-bus,5670,5-mvvrbu-5670
mvv-regional-bus,5680,5-mvvrbu-5680
mvv-regional-bus,6301,5-mvvrbu-6301
mvv-regional-bus,6302,5-mvvrbu-6302
mvv-regional-bus,6303,5-mvvrbu-6303
mvv-regional-bus,6304,5-mvvrbu-6304
mvv-regional-bus,8000,5-mvvrbu-8000
mvv-regional-bus,8200,5-mvvrbu-8200
mvv-regional-bus,8300,5-mvvrbu-8300
mvv-regional-bus,8400,5-mvvrbu-8400
mvv-regional-bus,8500,5-mvvrbu-8500
mvv-regional-bus,8700,5-mvvrbu-8700
mvv-regional-bus,8800,5-mvvrbu-8800
mvv-regional-bus,9433,5-mvvrbu-9433
mvv-regional-bus,9441,5-mvvrbu-9441
mvv-regional-bus,9480,5-mvvrbu-9480
mvv-regional-bus,9505,5-mvvrbu-9505
mvv-regional-bus,9520,5-mvvrbu-9520
mvv-regional-bus,DGF33,5-mvvrbu-DGF33
mvv-regional-bus,DGF34,5-mvvrbu-DGF34
mvv-regional-bus,N272,5-mvvrbu-N272
mvv-stadtwerke-dachau,719,5-mvvrbu-719
mvv-stadtwerke-dachau,720,5-mvvrbu-720
mvv-stadtwerke-dachau,722,5-mvvrbu-722
mvv-stadtwerke-dachau,724,5-mvvrbu-724
mvv-stadtwerke-dachau,726,5-mvvrbu-726
mvv-stadtwerke-dachau,744,5-mvvrbu-744
mvv-stadtwerke-freising,630,5-mvvrbu-630
mvv-stadtwerke-freising,631,5-mvvrbu-631
mvv-stadtwerke-freising,632,5-mvvrbu-632
mvv-stadtwerke-freising,633,5-mvvrbu-633
mvv-stadtwerke-freising,633V,5-mvvrbu-633v
mvv-stadtwerke-freising,634,5-mvvrbu-634
mvv-stadtwerke-freising,634V,5-mvvrbu-634v
mvv-stadtwerke-freising,636,5-mvvrbu-636
mvv-stadtwerke-freising,637,5-mvvrbu-637
mvv-stadtwerke-freising,638,5-mvvrbu-638
mvv-stadtwerke-freising,639,5-mvvrbu-639
mvv-stadtwerke-freising,640,5-mvvrbu-640
mvv-stadtwerke-freising,641,5-mvvrbu-641
mvv-stadtwerke-freising,642,5-mvvrbu-642
mvv-stadtwerke-freising,643,5-mvvrbu-643
mvv-stadtwerke-freising,645,5-mvvrbu-645
mvv-stadtwerke-freising,650,5-mvvrbu-650
mvv-stadtwerke-freising,651,5-mvvrbu-651
mvv-stadtwerke-freising,652,5-mvvrbu-652
mvv-stadtwerke-freising,653,5-mvvrbu-653
mvv-stadtwerke-freising,654,5-mvvrbu-654
mvv-stadtwerke-freising,655,5-mvvrbu-655
nah-sh,RE 6,re6
nah-sh,RB 61,rb61
nah-sh,RB 62,rb62
nah-sh,RB 63,rb63
nah-sh,RB 64,rb64
nah-sh,RB 65,rb65
nah-sh,RB 66,rb66
nah-sh,RE 7,re7
nah-sh,RE 70,re70
nah-sh,RB 71,rb71
nah-sh,RE 72,re72
nah-sh,RB 73,re73
nah-sh,RE 74,re74
nah-sh,RB 75,re75
nah-sh,RB 76,rb76
nah-sh,RE 8,re8
nah-sh,RE 80,re80
nah-sh,RB 81,rb81
nah-sh,RB 82,rb82
nah-sh,RE 83,re83
nah-sh,RB 84,rb84
nah-sh,RB 85,rb85
nah-sh,X 85,x85
nah-sh-kvg,2,5-akkvgk-2
nah-sh-kvg,5,5-akkvgk-5
nah-sh-kvg,6,5-akkvgk-6
nah-sh-kvg,8,5-akkvgk-8
nah-sh-kvg,9,5-akkvgk-9
nah-sh-kvg,11,5-akkvgk-11
nah-sh-kvg,N11,5-akkvgk-N11
nah-sh-kvg,12,5-akkvgk-12
nah-sh-kvg,N12,5-akkvgk-N12
nah-sh-kvg,13,5-akkvgk-13
nah-sh-kvg,14,5-akkvgk-14
nah-sh-kvg,N14,5-akkvgk-N14
nah-sh-kvg,15,5-akkvgk-15
nah-sh-kvg,22,5-akkvgk-22
nah-sh-kvg,N22,5-akkvgk-N22
nah-sh-kvg,X30,5-akkvgk-X30
nah-sh-kvg,31,5-akkvgk-31
nah-sh-kvg,N31,5-akkvgk-N31
nah-sh-kvg,32,5-akkvgk-32
nah-sh-kvg,34,5-akkvgk-34
nah-sh-kvg,N34,5-akkvgk-N34
nah-sh-kvg,41,5-akkvgk-41
nah-sh-kvg,42,5-akkvgk-42
nah-sh-kvg,N42,5-akkvgk-N42
nah-sh-kvg,43,5-akkvgk-43
nah-sh-kvg,44,5-akkvgk-44
nah-sh-kvg,45,5-akkvgk-45
nah-sh-kvg,50,5-akkvgk-50
nah-sh-kvg,51,5-akkvgk-51
nah-sh-kvg,N51,5-akkvgk-N51
nah-sh-kvg,52,5-akkvgk-52
nah-sh-kvg,X60,5-akkvgk-X60
nah-sh-kvg,61,5-akkvgk-61
nah-sh-kvg,62,5-akkvgk-62
nah-sh-kvg,N62,5-akkvgk-N62
nah-sh-kvg,71,5-akkvgk-71
nah-sh-kvg,81,5-akkvgk-81
nah-sh-kvg,X90,5-akkvgk-X90
nah-sh-kvg,91,5-akkvgk-91
nah-sh-kvg,X92,5-akkvgk-X92
nah-sh-swhl,1,5-ak_SVL-1
nah-sh-swhl,2,5-ak_SVL-2
nah-sh-swhl,3,5-ak_SVL-3
nah-sh-swhl,4,5-ak_SVL-4
nah-sh-swhl,5,5-ak_SVL-5
nah-sh-swhl,6,5-ak_SVL-6
nah-sh-swhl,7,5-ak_SVL-7
nah-sh-swhl,8,5-ak_SVL-8
nah-sh-swhl,9,5-ak_SVL-9
nah-sh-swhl,10,5-ak_SVL-10
nah-sh-swhl,11,5-ak_SVL-11
nah-sh-swhl,12,5-ak_SVL-12
nah-sh-swhl,13,5-ak_SVL-13
nah-sh-swhl,15,5-ak_SVL-15
nah-sh-swhl,16,5-ak_SVL-16
nah-sh-swhl,17,5-ak_SVL-17
nah-sh-swhl,18,5-ak_SVL-18
nah-sh-swhl,21,5-ak_SVL-21
nah-sh-swhl,24,5-ak_SVL-24
nah-sh-swhl,25,5-ak_SVL-25
nah-sh-swhl,26,5-ak_SVL-26
nah-sh-swhl,30,5-ak_SVL-30
nah-sh-swhl,31,5-ak_SVL-31
nah-sh-swhl,33,5-ak_SVL-33
nah-sh-swhl,34,5-ak_SVL-34
nah-sh-swhl,35,5-ak_SVL-35
nah-sh-swhl,38,5-ak_SVL-38
nah-sh-swhl,40,5-ak_SVL-40
nah-sh-swhl,41,5-ak_SVL-41
nah-sh-swhl,50,5-ak_SVL-50
naldo-bayer,331,5-tub061-331
naldo-beck,641,5-tub022-641
naldo-beck,642,5-tub022-642
naldo-beck,667,5-tub022-667
naldo-beck,668,5-tub022-668
naldo-bottenschein,108,5-tub049-108
naldo-edel,115,5-tub015-115
naldo-edel,151,5-tub015-151
naldo-edel,152,5-tub015-152
naldo-edel,154,5-tub015-154
naldo-edel,155,5-tub015-155
naldo-edel,7623,5-tub015-7623
naldo-edel,7623A,5-tub015-7623A
naldo-edel,7626,5-tub015-7626
naldo-edel,7626A,5-tub015-7626A
naldo-edel,7627,5-tub015-7627
naldo-edel,7628,5-tub015-7628
naldo-edel,7629,5-tub015-7629
naldo-edel,7629A,5-tub015-7629A
naldo-edel,7633,5-tub015-7633
naldo-edel,X27,5-tub015-X27
naldo-eissler,45 AST,3-tub030-45
naldo-eissler,45 B,5-tub030-45b
naldo-eissler,45,5-tub030-45
naldo-frankenhauser,470,5-tub031-470
naldo-gross,18,5-tub033-45
naldo-hartmann,121,5-tub034-121
naldo-hartmann,123,5-tub034-123
naldo-hartmann,7601,5-tub034-7601
naldo-hartmann,7605,5-tub034-7605
naldo-hartmann,7611,5-tub034-7611
naldo-hartmann,N81,5-tub034-N81
naldo-hartmann,X11,5-tub034-X11
naldo-hvb,301,5-tub036-301
naldo-hvb,302,5-tub036-302
naldo-hvb,303,5-tub036-303
naldo-hvb,304,5-tub036-304
naldo-hvb,305,5-tub036-305
naldo-hvb,306,5-tub036-306
naldo-hvb,307,5-tub036-307
naldo-hvb,309,5-tub036-309
naldo-hvb,344,5-tub036-344
naldo-knoll,151,5-tub080-151
naldo-knoll,152,5-tub080-152
naldo-knoll,154,5-tub080-154
naldo-knoll,155,5-tub080-155
naldo-knoll,156,5-tub080-156
naldo-knoll,7615,5-tub080-7615
naldo-kvb-sigmaringen,101,5-tub003-101
naldo-kvb-sigmaringen,102,5-tub003-102
naldo-kvb-sigmaringen,103,5-tub003-103
naldo-kvb-sigmaringen,104,5-tub003-104
naldo-kvb-sigmaringen,105,5-tub003-105
naldo-kvb-sigmaringen,106,5-tub003-106
naldo-kvb-sigmaringen,450,5-tub003-450
naldo-kvb-sigmaringen,600,5-tub003-600
naldo-leibfritz,101,5-tub003-101
naldo-maas-reisen,14,5-tub042-14
naldo-maas-reisen,16,5-tub042-16
naldo-maas-reisen,21,5-tub042-21
naldo-maas-reisen,22,5-tub042-22
naldo-maas-reisen,23,5-tub042-23
naldo-maas-reisen,24,5-tub042-24
naldo-maas-reisen,315,5-tub042-315
naldo-maas-reisen,317,5-tub042-317
naldo-maas-reisen,337,5-tub042-337
naldo-maas-reisen,338,5-tub042-338
naldo-maas-reisen,AST 16,3-tub042-16
naldo-ovr-ruoff,42,5-tub010-42
naldo-ovr-ruoff,44,5-tub010-44
naldo-ovr-ruoff,46,5-tub010-46
naldo-ovr-ruoff,47,5-tub010-47
naldo-ovr-ruoff,48,5-tub010-48
naldo-ovr-ruoff,79,5-tub010-79
naldo-ovr-ruoff,100,5-tub010-100
naldo-ovr-ruoff,172,5-tub010-172
naldo-ovr-ruoff,173,5-tub010-173
naldo-rab,19,5-rabrab-19
naldo-rab,212,5-rabrab-212
naldo-rab,260,5-rabrab-260
naldo-rab,261,5-rabrab-261
naldo-rab,264,5-rabrab-264
naldo-rab,265,5-rabrab-265
naldo-rab,310,5-rabrab-310
naldo-rab,311,5-rabrab-311
naldo-rab,319,5-rabrab-319
naldo-rab,320,5-rabrab-320
naldo-rab,329,5-rabrab-329
naldo-rab,330,5-rabrab-330
naldo-rab,393,5-rabrab-393
naldo-rab,466,5-rabrab-466
naldo-rab,500,5-rabrab-500
naldo-rab,792,5-rabrab-792
naldo-rab,793,5-rabrab-793
naldo-rab,800,5-rabrab-800
naldo-rab,7376,5-rabrab-7376
naldo-rab,7391,5-rabrab-7391
naldo-rab,7421,5-rabrab-7421
naldo-rab,7422,5-rabrab-7422
naldo-rab,7425,5-rabrab-7425
naldo-rab,7570,5-rabrab-7570
naldo-rab,7606,5-rabrab-7606
naldo-rab,7635,5-rabrab-7635
naldo-rab,7640,5-rabrab-7640
naldo-rab,7643,5-rabrab-7643
naldo-rab,7644,5-rabrab-7644
naldo-rab,7662,5-rabrab-7662
naldo-rab,X2,5-rabrab-x2
naldo-rab,N80,5-rabrab-n80
naldo-reisch,414,5-tub044-414
naldo-reisch,415,5-tub044-415
naldo-reisch,416,5-tub044-416
naldo-reisch,419,5-tub044-419
naldo-reisch,420,5-tub044-420
naldo-robus,1,5-tub008-1
naldo-robus,2,5-tub008-2
naldo-robus,3,5-tub008-3
naldo-robus,4,5-tub008-4
naldo-robus,5,5-tub008-5
naldo-rsv,1,5-tub003-1
naldo-rsv,1U,5-tub003-1U
naldo-rsv,2,5-tub003-2
naldo-rsv,3,5-tub003-3
naldo-rsv,4,5-tub003-4
naldo-rsv,5,5-tub003-5
naldo-rsv,6,5-tub003-6
naldo-rsv,7,5-tub003-7
naldo-rsv,8,5-tub003-8
naldo-rsv,10,5-tub003-10
naldo-rsv,11,5-tub003-11
naldo-rsv,12,5-tub003-12
naldo-rsv,21,5-tub003-21
naldo-rsv,22,5-tub003-22
naldo-rsv,23,5-tub003-23
naldo-rsv,24,5-tub003-24
naldo-rsv,32,5-tub003-32
naldo-rsv,33,5-tub003-33
naldo-rsv,61,5-tub003-61
naldo-rsv,62,5-tub003-62
naldo-rsv,105,5-tub003-105
naldo-rsv,300,5-tub003-300
naldo-rsv,N1,5-tub003-N1
naldo-rsv,N2,5-tub003-N2
naldo-rsv,N3,5-tub003-N3
naldo-rsv,N4,5-tub003-N4
naldo-rsv,N5,5-tub003-N5
naldo-rsv,N6,5-tub003-N6
naldo-rsv,N7,5-tub003-N7
naldo-rsv,N8,5-tub003-N8
naldo-rsv,N9,5-tub003-N9
naldo-rsv,X3,5-tub003-X3
naldo-svl,100/172/173,4-rabrab-100/172/173
naldo-svl,7643,4-rabrab-7643
naldo-sw-sigmaringen,1,5-tub001-1
naldo-sw-sigmaringen,2,5-tub001-2
naldo-sw-sigmaringen,3,5-tub001-3
naldo-sw-sigmaringen,4,5-tub001-4
naldo-sw-sigmaringen,5,5-tub001-5
naldo-sw-sigmaringen,6,5-tub001-6
naldo-sweg,2,5-tub080-2
naldo-sweg,3,5-tub080-3
naldo-sweg,5,5-tub080-5
naldo-sweg,6,5-tub080-6
naldo-sweg,7,5-tub080-7
naldo-sweg,9,5-tub080-9
naldo-sweg,111,5-tub080-111
naldo-sweg,156,5-tub080-156
naldo-sweg,390,5-tub080-390
naldo-sweg,400,5-tub080-400
naldo-sweg,400Z,5-tub080-400Z
naldo-sweg,7612,5-tub080-7612
naldo-sweg,7613,5-tub080-7613
naldo-sweg,7615,5-tub080-7615
naldo-sweg,7616,5-tub080-7616
naldo-sweg,7625,5-tub080-7625
naldo-sweg,N84,5-tub080-N84
naldo-sweg,N87,5-tub080-N87
naldo-taxi-xxl-rt,201,3-tub092-201
naldo-taxi-xxl-rt,7635,3-tub092-7635
naldo-taxi-xxl-rt,7644,3-tub092-7644
naldo-taxi-xxl-rt,NA 20,3-tub092-na20
naldo-tuebus,1,5-tub009-1
naldo-tuebus,3,5-tub009-3
naldo-tuebus,4,5-tub009-4
naldo-tuebus,5,5-tub009-5
naldo-tuebus,6,5-tub009-6
naldo-tuebus,7,5-tub009-7
naldo-tuebus,8,5-tub009-8
naldo-tuebus,9,5-tub009-9
naldo-tuebus,10,5-tub009-10
naldo-tuebus,11,5-tub009-11
naldo-tuebus,12,5-tub009-12
naldo-tuebus,13,5-tub009-13
naldo-tuebus,14,5-tub009-14
naldo-tuebus,17,5-tub009-17
naldo-tuebus,19,5-tub009-19
naldo-tuebus,21,5-tub009-21
naldo-tuebus,22,5-tub009-22
naldo-tuebus,31,5-tub009-31
naldo-tuebus,32,5-tub009-32
naldo-tuebus,33,5-tub009-33
naldo-tuebus,34,5-tub009-34
naldo-tuebus,35,5-tub009-35
naldo-tuebus,N88,5-tub009-N88
naldo-tuebus,N90,5-tub009-N90
naldo-tuebus,N91,5-tub009-N91
naldo-tuebus,N92,5-tub009-N92
naldo-tuebus,N93,5-tub009-N93
naldo-tuebus,N94,5-tub009-N94
naldo-tuebus,N95,5-tub009-N95
naldo-tuebus,N96,5-tub009-N96
naldo-tuebus,N97,5-tub009-N97
naldo-tuebus,N98,5-tub009-N98
naldo-tuebus,X15,5-tub009-X15
naldo-wilhelm-lutz,201,5-tub041-201
naldo-wilhelm-lutz,202,5-tub041-202
naldo-wilhelm-lutz,203,5-tub041-203
naldo-willy-kopp,71,5-tub038-71
naldo-willy-kopp,72,5-tub038-72
naldo-willy-kopp,73,5-tub038-73
naldo-willy-kopp,74,5-tub038-74
naldo-willy-kopp,75,5-tub038-75
naldo-willy-kopp,76,5-tub038-76
naldo-willy-kopp,77,5-tub038-77
naldo-willy-kopp,314,5-tub038-314
naldo-willy-kopp,317,5-tub038-317
naldo-willy-kopp,361,5-tub038-361
naldo-willy-kopp,362,5-tub038-362
naldo-willy-kopp,363,5-tub038-363
naldo-willy-kopp,364,5-tub038-364
neb-niederbarnimer-eisenbahn,RB12,rb12
neb-niederbarnimer-eisenbahn,RB25,rb25
neb-niederbarnimer-eisenbahn,RB26,rb26
neb-niederbarnimer-eisenbahn,RB27,rb27
neb-niederbarnimer-eisenbahn,RB35,rb35
neb-niederbarnimer-eisenbahn,RB36,rb36
neb-niederbarnimer-eisenbahn,RB54,rb54
neb-niederbarnimer-eisenbahn,RB60,rb60
neb-niederbarnimer-eisenbahn,RB61,rb61
neb-niederbarnimer-eisenbahn,RB62,rb62
neb-niederbarnimer-eisenbahn,RB63,rb63
neb-niederbarnimer-eisenbahn,TES,tes
nrw-regional,RE 1,re1
nrw-regional,RE 2,re2
nrw-regional,RE 3,re3
nrw-regional,RE 4,re4
nrw-regional,RE 5,re5
nrw-regional,RE 6,re6
nrw-regional,RE 7,re7
nrw-regional,RE 8,re8
nrw-regional,RE 9,re9
nrw-regional,RE 10,re10
nrw-regional,RE 11,re11
nrw-regional,RE 12,re12
nrw-regional,RE 13,re13
nrw-regional,RE 14,re14
nrw-regional,RE 16,re16
nrw-regional,RE 17,re17
nrw-regional,RE 18,re18
nrw-regional,RE 19,re19
nrw-regional,RB 20,rb20
nrw-regional,RB 21,rb21
nrw-regional,RE 22,re22
nrw-regional,RB 24,rb24
nrw-regional,RB 25,rb25
nrw-regional,RB 26,rb26
nrw-regional,RB 27,rb27
nrw-regional,RB 28,rb28
nrw-regional,RB 30,rb30
nrw-regional,RB 31,rb31
nrw-regional,RB 32,rb32
nrw-regional,RB 33,rb33
nrw-regional,RE 34,re34
nrw-regional,RB 34,rb34
nrw-regional,RB 35,rb35
nrw-regional,RB 36,rb36
nrw-regional,RB 37,rb37
nrw-regional,RB 38,rb38
nrw-regional,RB 39,rb39
nrw-regional,RB 40,rb40
nrw-regional,RE 41,re41
nrw-regional,RE 42,re42
nrw-regional,RB 43,rb43
nrw-regional,RE 44,re44
nrw-regional,RB 46,rb46
nrw-regional,RE 47,re47
nrw-regional,RB 48,rb48
nrw-regional,RE 49,re49
nrw-regional,RB 50,rb50
nrw-regional,RB 51,rb51
nrw-regional,RB 52,rb52
nrw-regional,RB 53,rb53
nrw-regional,RB 54,rb54
nrw-regional,RE 57,re57
nrw-regional,RB 58,rb58
nrw-regional,RB 59,rb59
nrw-regional,RB 61,rb61
nrw-regional,RE 62,re62
nrw-regional,RB 63,rb63
nrw-regional,RB 64,rb64
nrw-regional,RB 65,rb65
nrw-regional,RB 66,rb66
nrw-regional,RB 67,rb67
nrw-regional,RB 69,rb69
nrw-regional,RB 71,rb71
nrw-regional,RB 72,rb72
nrw-regional,RB 73,rb73
nrw-regional,RB 74,rb74
nrw-regional,RB 75,rb75
nrw-regional,RB 77,rb77
nrw-regional,RE 78,re78
nrw-regional,RE 82,re82
nrw-regional,RB 84,rb84
nrw-regional,RB 85,rb85
nrw-regional,RB 89,rb89
nrw-regional,RB 90,rb90
nrw-regional,RB 91,rb90
nrw-regional,RB 92,rb92
nrw-regional,RB 93,rb93
nrw-regional,RB 94,rb94
nrw-regional,RB 95,rb95
nrw-regional,RB 96,rb96
nrw-regional,RB 97,rb97
nrw-regional,RE 99,re99
nrw-sbahn,S 1,s1
nrw-sbahn,S 2,s2
nrw-sbahn,S 3,s3
nrw-sbahn,S 4,s4
nrw-sbahn,S 5,s5
nrw-sbahn,S 6,s6
nrw-sbahn,S 7,s7
nrw-sbahn,S 8,s8
nrw-sbahn,S 9,s9
nrw-sbahn,S 11,s11
nrw-sbahn,S 12,s12
nrw-sbahn,S 19,s19
nrw-sbahn,S 23,s23
nrw-sbahn,S 28,s28
nrw-sbahn,S 68,s68
nvm-wvv,1,5-wvvstr-1
nvm-wvv,2,5-wvvstr-2
nvm-wvv,3,5-wvvstr-3
nvm-wvv,4,5-wvvstr-4
nvm-wvv,5,5-wvvstr-5
nvm-wvv,6,5-wvvstr-6
nvm-wvv,7,5-wvvstr-7
nvm-wvv,8,5-wvvstr-8
nvm-wvv,9,5-wvvstr-9
nvm-wvv,10,5-wvvstr-10
nvm-wvv,12,5-wvvstr-12
nvm-wvv,13,5-wvvstr-13
nvm-wvv,16,5-wvvstr-16
nvm-wvv,20,5-wvvstr-20
nvm-wvv,21,5-wvvstr-21
nvm-wvv,23,5-wvvstr-23
nvm-wvv,24,5-wvvstr-24
nvm-wvv,25,5-wvvstr-25
nvm-wvv,26,5-wvvstr-26
nvm-wvv,27,5-wvvstr-27
nvm-wvv,28,5-wvvstr-28
nvm-wvv,29,5-wvvstr-29
nvm-wvv,33,5-wvvstr-33
nvm-wvv,34,5-wvvstr-34
nvm-wvv,35,5-wvvstr-35
nvm-wvv,41,5-wvvstr-41
nvm-wvv,91,5-wvvstr-91
nvm-wvv,92,5-wvvstr-92
nvm-wvv,93,5-wvvstr-93
nvm-wvv,94,5-wvvstr-94
nvm-wvv,95,5-wvvstr-95
nvm-wvv,96,5-wvvstr-96
nvm-wvv,97,5-wvvstr-97
nvm-wvv,98,5-wvvstr-98
nvm-wvv,99,5-wvvstr-99
nvm-wvv,114,5-wvvstr-114
nvm-wvv,214,5-wvvstr-214
nvs,1,8-vwmstr-1
nvs,2,8-vwmstr-2
nvs,3,8-vwmstr-3
nvs,4,8-vwmstr-4
nvs,5,5-vwmbus-5
nvs,6,5-vwmbus-6
nvs,7,5-vwmbus-7
nvs,8,5-vwmbus-8
nvs,9,5-vwmbus-9
nvs,10,5-vwmbus-10
nvs,11,5-vwmbus-11
nvs,12,5-vwmbus-12
nvs,13,5-vwmbus-13
nvs,14,5-vwmbus-14
nvs,16,5-vwmbus-16
nvs,17,5-vwmbus-17
nvs,18,5-vwmbus-18
nvs,19,5-vwmbus-19
nvv-kassel-tram,1,8-rmv277-1
nvv-kassel-tram,2,8-rmv277-2
nvv-kassel-tram,3,8-rmv277-3
nvv-kassel-tram,4,8-rmv277-4
nvv-kassel-tram,5,8-rmv277-5
nvv-kassel-tram,6,8-rmv277-6
nvv-kassel-tram,7,8-rmv277-7
nvv-kassel-tram,8,8-rmv277-8
nvv-rt,RT1,rt1
nvv-rt,RT4,rt4
nvv-rt,RT5,rt5
oberpfalzbahn-dlb,RB 23,rb23
oberpfalzbahn-dlb,RB 27,rb27
oberpfalzbahn-dlb,RB 28,rb28
oberpfalzbahn-dlb,RB 29,rb29
odeg,RB10,rb10
odeg,RB13,rb13
odeg,RB14,rb14
odeg,RB15,rb15
odeg,RB16,rb16
odeg,RB17,rb17
odeg,RB18,rb18
odeg,RB19,rb19
odeg,RB33,rb33
odeg,RB37,rb37
odeg,RB46,rb46
odeg,RB51,rb51
odeg,RB64,rb64
odeg,RB65,rb65
odeg,RE1,re1
odeg,RE3,re3
odeg,RE8,re8
odeg,RE9,re9
odeg,RE50,re50
ostalb-mobil-beck-schubert,102,5-ova035-102
ostalb-mobil-beck-schubert,103,5-ova035-103
ostalb-mobil-beck-schubert,104,5-ova035-104
ostalb-mobil-beck-schubert,105,5-ova035-105
ostalb-mobil-beck-schubert,106,5-ova035-106
ostalb-mobil-beck-schubert,107,5-ova035-107
ostalb-mobil-beck-schubert,108,5-ova035-108
ostalb-mobil-beck-schubert,109,5-ova035-109
ostalb-mobil-beck-schubert,110,5-ova035-110
ostalb-mobil-beck-schubert,111,5-ova035-111
ostalb-mobil-beck-schubert,112,5-ova035-112
ostalb-mobil-beck-schubert,116,5-ova035-116
ostalb-mobil-beck-schubert,118,5-ova035-118
ostalb-mobil-beck-schubert,119,5-ova035-119
ostalb-mobil-fmo,63,5-ova040-63
ostalb-mobil-fmo,63/9,5-ova040-63/9
ostalb-mobil-fmo,74,5-ova040-74
ostalb-mobil-fmo,74/1,5-ova040-74/1
ostalb-mobil-fmo,76,5-ova040-76
ostalb-mobil-fmo,267,5-ova040-267
ostalb-mobil-fmo,7518,5-ova040-7518
ostalb-mobil-fmo,7696,5-ova040-7696
ostalb-mobil-fmo,7698,5-ova040-7698
ostalb-mobil-fmo,7846,5-ova040-7846
ostalb-mobil-fmo,7864,5-ova040-7864
ostalb-mobil-fmo,7865,5-ova040-7865
ostalb-mobil-fmo,7865/2,5-ova040-7865/2
ostalb-mobil-fmo,7865/8,5-ova040-7865/8
ostalb-mobil-fmo,7866,5-ova040-7866
ostalb-mobil-fmo,7867,5-ova040-7867
ostalb-mobil-fmo,7867/1,5-ova040-7867/1
ostalb-mobil-fmo,7867/8,5-ova040-7867/8
ostalb-mobil-fmo,7869,5-ova040-7869
ostalb-mobil-fmo,7869/1,5-ova040-7869/1
ostalb-mobil-fmo,7871,5-ova040-7871
ostalb-mobil-fmo,7922,5-ova040-7922
ostalb-mobil-ok-go,61,5-ova030-61
ostalb-mobil-ok-go,62,5-ova030-62
ostalb-mobil-ok-go,72,5-ova030-72
ostalb-mobil-ok-go,72/2,5-ova030-72/2
ostalb-mobil-ok-go,77,5-ova030-77
ostalb-mobil-ok-go,210,5-ova030-210
ostalb-mobil-ok-go,211,5-ova030-211
ostalb-mobil-ok-go,214,5-ova030-214
ostalb-mobil-ok-go,215,5-ova030-215
ostalb-mobil-ok-go,220,5-ova030-220
ostalb-mobil-ok-go,300,5-ova030-300
ostalb-mobil-ok-go,301,5-ova030-301
ostalb-mobil-ok-go,302,5-ova030-302
ostalb-mobil-ok-go,304,5-ova030-304
ostalb-mobil-ok-go,305,5-ova030-305
ostalb-mobil-ok-go,306,5-ova030-306
ostalb-mobil-ok-go,307,5-ova030-307
ostalb-mobil-ok-go,309,5-ova030-309
ostalb-mobil-ok-go,310,5-ova030-310
ostalb-mobil-ok-go,311,5-ova030-311
ostalb-mobil-ok-go,312,5-ova030-312
ostalb-mobil-ok-go,313,5-ova030-313
ostalb-mobil-ok-go,314,5-ova030-314
ostalb-mobil-ok-go,315,5-ova030-315
ostalb-mobil-ok-go,320,5-ova030-320
ostalb-mobil-ok-go,321,5-ova030-321
ostalb-mobil-ok-go,322,5-ova030-322
ostalb-mobil-ok-go,330,5-ova030-330
ostalb-mobil-ok-go,332,5-ova030-332
ostalb-mobil-ok-go,334,5-ova030-334
ostalb-mobil-ok-go,340,5-ova030-340
ostalb-mobil-ova,10,5-ovaova-10
ostalb-mobil-ova,11,5-ovaova-11
ostalb-mobil-ova,12,5-ovaova-12
ostalb-mobil-ova,13,5-ovaova-13
ostalb-mobil-ova,14,5-ovaova-14
ostalb-mobil-ova,15,5-ovaova-15
ostalb-mobil-ova,16,5-ovaova-16
ostalb-mobil-ova,17,5-ovaova-17
ostalb-mobil-ova,19,5-ovaova-19
ostalb-mobil-ova,24,5-ovaova-24
ostalb-mobil-ova,27,5-ovaova-27
ostalb-mobil-ova,28,5-ovaova-28
ostalb-mobil-ova,29,5-ovaova-29
ostalb-mobil-ova,31,5-ovaova-31
ostalb-mobil-ova,32,5-ovaova-32
ostalb-mobil-ova,33,5-ovaova-33
ostalb-mobil-ova,34,5-ovaova-34
ostalb-mobil-ova,35,5-ovaova-35
ostalb-mobil-ova,36,5-ovaova-36
ostalb-mobil-ova,37,5-ovaova-37
ostalb-mobil-ova,40,5-ovaova-40
ostalb-mobil-ova,42,5-ovaova-42
ostalb-mobil-ova,43,5-ovaova-43
ostalb-mobil-ova,44,5-ovaova-44
ostalb-mobil-ova,48,5-ovaova-48
ostalb-mobil-ova,49,5-ovaova-49
ostalb-mobil-ova,51,5-ovaova-51
ostalb-mobil-ova,56,5-ovaova-56
ostalb-mobil-ova,62,5-ovaova-62
ostalb-mobil-ova,71,5-ovaova-71
ostalb-mobil-ova,72,5-ovaova-72
ostalb-mobil-ova,73,5-ovaova-73
ostalb-mobil-ova,79,5-ovaova-79
ostalb-mobil-ova,81,5-ovaova-81
ostalb-mobil-ova,82,5-ovaova-82
ostalb-mobil-ova,83,5-ovaova-83
ostalb-mobil-ova,90,5-ovaova-90
ostalb-mobil-ova,91,5-ovaova-91
ostalb-mobil-ova,92,5-ovaova-92
ostalb-mobil-ova,93,5-ovaova-93
ostalb-mobil-ova,94,5-ovaova-94
ostalb-mobil-ova,95,5-ovaova-95
ostalb-mobil-ova,96,5-ovaova-96
ostalb-mobil-ova,97,5-ovaova-97
ostalb-mobil-ova,99,5-ovaova-99
ostalb-mobil-ova,901,5-ovaova-901
ostalb-mobil-ova,902,5-ovaova-902
ostalb-mobil-ova,903,5-ovaova-903
ostalb-mobil-ova,906,5-ovaova-906
ostalb-mobil-ovk-betz,21,5-ova050-21
ostalb-mobil-ovk-dannenmann,266,5-vvs031-266
ostalb-mobil-ovk-dannenmann,268,5-vvs031-268
ostalb-mobil-sonstige,120,5-ova050-120
ostalb-mobil-sonstige,121,5-ova050-121
ostalb-mobil-sonstige,122,5-ova050-122
ostalb-mobil-sonstige,123,5-ova050-123
ostalb-mobil-sonstige,190,5-ova050-190
ostalb-mobil-sonstige,191,5-ova050-191
ostalb-mobil-sonstige,192,5-ova050-192
ostalb-mobil-sonstige,194,5-ova050-194
ostalb-mobil-sonstige,195,5-ova050-195
ostalb-mobil-sonstige,196,5-ova050-196
ostalb-mobil-sonstige,293,5-ova050-293
ostalb-mobil-sonstige,294,5-ova050-294
ostalb-mobil-sonstige,295,5-ova050-295
ostalb-mobil-sonstige,350,5-ova050-350
ostalb-mobil-sonstige,351,5-ova050-351
ostalb-mobil-sonstige,352,5-ova050-352
ostalb-mobil-sonstige,353,5-ova050-353
ostalb-mobil-stadtbus-gmuend,1,5-ova002-1
ostalb-mobil-stadtbus-gmuend,2,5-ova002-2
ostalb-mobil-stadtbus-gmuend,3,5-ova002-3
ostalb-mobil-stadtbus-gmuend,4 a,5-ova002-4a
ostalb-mobil-stadtbus-gmuend,4,5-ova002-4
ostalb-mobil-stadtbus-gmuend,5,5-ova002-5
ostalb-mobil-stadtbus-gmuend,5b,5-ova002-5b
ostalb-mobil-stadtbus-gmuend,6,5-ova002-6
ostalb-mobil-stadtbus-gmuend,7,5-ova002-7
ostalb-mobil-stadtbus-gmuend,7a,5-ova002-7a
ostalb-mobil-stadtbus-gmuend,40,5-ova002-40
ostalb-mobil-stadtbus-gmuend,50,5-ova002-50
ostalb-mobil-stadtbus-gmuend,66,5-ova002-66
ostalb-mobil-stadtbus-gmuend,70,5-ova002-70
ostalb-mobil-stadtbus-gmuend,71,5-ova002-71
ostalb-mobil-stadtbus-gmuend,73,5-ova002-73
pid-prague,1,8-540001-1
pid-prague,2,8-540001-2
pid-prague,3,8-540001-3
pid-prague,4,8-540001-4
pid-prague,5,8-540001-5
pid-prague,6,8-540001-6
pid-prague,7,8-540001-7
pid-prague,8,8-540001-8
pid-prague,9,8-540001-9
pid-prague,10,8-540001-10
pid-prague,11,8-540001-11
pid-prague,12,8-540001-12
pid-prague,13,8-540001-13
pid-prague,14,8-540001-14
pid-prague,15,8-540001-15
pid-prague,16,8-540001-16
pid-prague,17,8-540001-17
pid-prague,18,8-540001-18
pid-prague,19,8-540001-19
pid-prague,20,8-540001-20
pid-prague,21,8-540001-21
pid-prague,22,8-540001-22
pid-prague,23,8-540001-23
pid-prague,24,8-540001-24
pid-prague,25,8-540001-25
pid-prague,26,8-540001-26
pid-prague,A,7-540001-a
pid-prague,B,7-540001-b
pid-prague,C,7-540001-c
polregio,RB91,r91
regio-s-bahn-donau-iller,RS 2,rs2
regio-s-bahn-donau-iller,RS 21,rs21
regio-s-bahn-donau-iller,RS 3,rs3
regio-s-bahn-donau-iller,RS 5,rs5
regio-s-bahn-donau-iller,RS 51,rs51
regio-s-bahn-donau-iller,RS 7,rs7
regio-s-bahn-donau-iller,RS 71,rs71
regiobus-hannover,170,5-webrbg-170
regiobus-hannover,300,5-webrbg-300
regiobus-hannover,301,5-webrbg-301
regiobus-hannover,310,5-webrbg-310
regiobus-hannover,320,5-webrbg-320
regiobus-hannover,360,5-webrbg-360
regiobus-hannover,365,5-webrbg-365
regiobus-hannover,366,5-webrbg-366
regiobus-hannover,367,5-webrbg-367
regiobus-hannover,380,5-webrbg-380
regiobus-hannover,381,5-webrbg-381
regiobus-hannover,382,5-webrbg-382
regiobus-hannover,383,5-webrbg-383
regiobus-hannover,385,5-webrbg-385
regiobus-hannover,400,5-webrbg-400
regiobus-hannover,404,5-webrbg-404
regiobus-hannover,410,5-webrbg-410
regiobus-hannover,421,5-webrbg-421
regiobus-hannover,430,5-webrbg-430
regiobus-hannover,431,5-webrbg-431
regiobus-hannover,460,5-webrbg-460
regiobus-hannover,490,5-webrbg-490
regiobus-hannover,492,5-webrbg-492
regiobus-hannover,500,5-webrbg-500
regiobus-hannover,510,5-webrbg-510
regiobus-hannover,520,5-webrbg-520
regiobus-hannover,521,5-webrbg-521
regiobus-hannover,522,5-webrbg-522
regiobus-hannover,523,5-webrbg-523
regiobus-hannover,530,5-webrbg-530
regiobus-hannover,532,5-webrbg-532
regiobus-hannover,534,5-webrbg-534
regiobus-hannover,540,5-webrbg-540
regiobus-hannover,560,5-webrbg-560
regiobus-hannover,561,5-webrbg-561
regiobus-hannover,562,5-webrbg-562
regiobus-hannover,570,5-webrbg-570
regiobus-hannover,571,5-webrbg-571
regiobus-hannover,572,5-webrbg-572
regiobus-hannover,573,5-webrbg-573
regiobus-hannover,574,5-webrbg-574
regiobus-hannover,575,5-webrbg-575
regiobus-hannover,580,5-webrbg-580
regiobus-hannover,600,5-webrbg-600
regiobus-hannover,616,5-webrbg-616
regiobus-hannover,620,5-webrbg-620
regiobus-hannover,621,5-webrbg-621
regiobus-hannover,630,5-webrbg-630
regiobus-hannover,635,5-webrbg-635
regiobus-hannover,636,5-webrbg-636
regiobus-hannover,638,5-webrbg-638
regiobus-hannover,639,5-webrbg-639
regiobus-hannover,651,5-webrbg-651
regiobus-hannover,652,5-webrbg-652
regiobus-hannover,690,5-webrbg-690
regiobus-hannover,692,5-webrbg-692
regiobus-hannover,694,5-webrbg-694
regiobus-hannover,695,5-webrbg-695
regiobus-hannover,696,5-webrbg-696
regiobus-hannover,697,5-webrbg-697
regiobus-hannover,698,5-webrbg-698
regiobus-hannover,700,5-webrbg-700
regiobus-hannover,701,5-webrbg-701
regiobus-hannover,710,5-webrbg-710
regiobus-hannover,711,5-webrbg-711
regiobus-hannover,715,5-webrbg-715
regiobus-hannover,740,5-webrbg-740
regiobus-hannover,741,5-webrbg-741
regiobus-hannover,745,5-webrbg-745
regiobus-hannover,760,5-webrbg-760
regiobus-hannover,780,5-webrbg-780
regiobus-hannover,785,5-webrbg-785
regiobus-hannover,801,5-webrbg-801
regiobus-hannover,802,5-webrbg-802
regiobus-hannover,820,5-webrbg-820
regiobus-hannover,830,5-webrbg-830
regiobus-hannover,831,5-webrbg-831
regiobus-hannover,835,5-webrbg-835
regiobus-hannover,840,5-webrbg-840
regiobus-hannover,850,5-webrbg-850
regiobus-hannover,860,5-webrbg-860
regiobus-hannover,865,5-webrbg-865
regiobus-hannover,870,5-webrbg-870
regiobus-hannover,900,5-webrbg-900
regiobus-hannover,905,5-webrbg-905
regiobus-hannover,906,5-webrbg-906
regiobus-hannover,907,5-webrbg-907
regiobus-hannover,910,5-webrbg-910
regiobus-hannover,916,5-webrbg-916
regiobus-hannover,917,5-webrbg-917
regiobus-hannover,920,5-webrbg-920
regiobus-hannover,926,5-webrbg-926
regiobus-hannover,927,5-webrbg-927
regiobus-hannover,930,5-webrbg-930
regiobus-hannover,938,5-webrbg-938
regiobus-hannover,946,5-webrbg-946
regiobus-hannover,948,5-webrbg-948
regiobus-hannover,949,5-webrbg-949
regiobus-hannover,950,5-webrbg-950
regiobus-hannover,962,5-webrbg-962
regiobus-hannover,963,5-webrbg-963
regiobus-hannover,964,5-webrbg-964
regiobus-hannover,965,5-webrbg-965
regiobus-hannover,966,5-webrbg-966
regiobus-hannover,967,5-webrbg-967
regiobus-hannover,968,5-webrbg-968
regiobus-hannover,N31,5-webrbg-n31
regiobus-hannover,N41,5-webrbg-n41
regiobus-hannover,N43,5-webrbg-n43
regiobus-hannover,N50,5-webrbg-n50
regiobus-hannover,N56,5-webrbg-n56
regiobus-hannover,N57,5-webrbg-n57
regiobus-hannover,N62,5-webrbg-n62
regiobus-hannover,N63,5-webrbg-n63
regiobus-hannover,N70,5-webrbg-n70
regiobus-hannover,N94,5-webrbg-n94
rmv-db-sbahn,S1,s1
rmv-db-sbahn,S2,s2
rmv-db-sbahn,S3,s3
rmv-db-sbahn,S4,s4
rmv-db-sbahn,S5,s5
rmv-db-sbahn,S6,s6
rmv-db-sbahn,S7,s7
rmv-db-sbahn,S8,s8
rmv-db-sbahn,S9,s9
rmv-eswe-bus,1,5-rmv001-1
rmv-eswe-bus,3,5-rmv001-3
rmv-eswe-bus,4,5-rmv001-4
rmv-eswe-bus,5,5-rmv001-5
rmv-eswe-bus,6,5-rmv001-6
rmv-eswe-bus,8,5-rmv001-8
rmv-eswe-bus,9,5-rmv001-9
rmv-eswe-bus,14,5-rmv001-14
rmv-eswe-bus,15,5-rmv001-15
rmv-eswe-bus,16,5-rmv001-16
rmv-eswe-bus,17,5-rmv001-17
rmv-eswe-bus,18,5-rmv001-18
rmv-eswe-bus,20,5-rmv001-20
rmv-eswe-bus,21,5-rmv001-21
rmv-eswe-bus,22,5-rmv001-22
rmv-eswe-bus,23,5-rmv001-23
rmv-eswe-bus,24,5-rmv001-24
rmv-eswe-bus,26,5-rmv001-26
rmv-eswe-bus,27,5-rmv001-27
rmv-eswe-bus,28,5-rmv001-28
rmv-eswe-bus,33,5-rmv001-33
rmv-eswe-bus,34,5-rmv001-34
rmv-eswe-bus,37,5-rmv001-37
rmv-eswe-bus,38,5-rmv001-38
rmv-eswe-bus,39,5-rmv001-39
rmv-eswe-bus,45,5-rmv001-45
rmv-eswe-bus,46,5-rmv001-46
rmv-eswe-bus,47,5-rmv001-47
rmv-eswe-bus,48,5-rmv001-48
rmv-eswe-bus,49,5-rmv001-49
rmv-eswe-bus,74,5-rmv001-74
rmv-eswe-bus,N2,5-rmv001-n2
rmv-eswe-bus,N3,5-rmv001-n3
rmv-eswe-bus,N4,5-rmv001-n4
rmv-eswe-bus,N5,5-rmv001-n5
rmv-eswe-bus,N7,5-rmv001-n7
rmv-eswe-bus,N9,5-rmv001-n9
rmv-eswe-bus,N10,5-rmv001-n10
rmv-eswe-bus,N11,5-rmv001-n11
rmv-eswe-bus,N12,5-rmv001-n12
rmv-eswe-bus,N13,5-rmv001-n13
rmv-express-bus,X11,5-rmv408-x11
rmv-express-bus,X14,5-rmv408-x14
rmv-express-bus,X15,5-rmv408-x15
rmv-express-bus,X17,5-rmv408-x17
rmv-express-bus,X18,5-rmv408-x18
rmv-express-bus,X19,5-rmv408-x19
rmv-express-bus,X26,5-rmv408-x26
rmv-express-bus,X27,5-rmv408-x27
rmv-express-bus,X33,5-rmv408-x33
rmv-express-bus,X35,5-rmv408-x35
rmv-express-bus,X37,5-rmv408-x37
rmv-express-bus,X38,5-rmv408-x38
rmv-express-bus,X39,5-rmv408-x39
rmv-express-bus,X41,5-rmv408-x41
rmv-express-bus,X53,5-rmv408-x53
rmv-express-bus,X57,5-rmv408-x57
rmv-express-bus,X58,5-rmv408-x58
rmv-express-bus,X61,5-rmv408-x61
rmv-express-bus,X64,5-rmv408-x64
rmv-express-bus,X69,5-rmv408-x69
rmv-express-bus,X71,5-rmv408-x71
rmv-express-bus,X72,5-rmv408-x72
rmv-express-bus,X74,5-rmv408-x74
rmv-express-bus,X76,5-rmv408-x76
rmv-express-bus,X77,5-rmv408-x77
rmv-express-bus,X78,5-rmv408-x78
rmv-express-bus,X83,5-rmv408-x83
rmv-express-bus,X89,5-rmv408-x89
rmv-express-bus,X93,5-rmv408-x93
rmv-express-bus,X94,5-rmv408-x94
rmv-express-bus,X95,5-rmv408-x95
rmv-heag-bus,A,5-rmvheb-a
rmv-heag-bus,AH,5-rmvheb-ah
rmv-heag-bus,AIR,5-rmvheb-air
rmv-heag-bus,BE1,5-rmv289-be1
rmv-heag-bus,DG,5-rmvheb-dg
rmv-heag-bus,EB,5-rmv289-eb
rmv-heag-bus,F,5-rmvheb-f
rmv-heag-bus,FM,5-rmvheb-fm
rmv-heag-bus,G,5-rmvheb-g
rmv-heag-bus,H,5-rmvheb-h
rmv-heag-bus,K,5-rmvheb-k
rmv-heag-bus,L,5-rmvheb-l
rmv-heag-bus,M1,5-rmvheb-m1
rmv-heag-bus,M2,5-rmvheb-m2
rmv-heag-bus,M3,5-rmvheb-m3
rmv-heag-bus,N,5-rmvheb-n
rmv-heag-bus,O,5-rmvheb-o
rmv-heag-bus,P,5-rmv289-p
rmv-heag-bus,PE,5-rmv289-pe
rmv-heag-bus,R,5-rmvheb-r
rmv-heag-bus,WE1,5-rmv289-we1
rmv-heag-bus,WE2,5-rmv289-we2
rmv-heag-bus,WE3,5-rmv289-we3
rmv-heag-bus,WE4,5-rmv289-we4
rmv-heag-bus,WX,5-rmvheb-wx
rmv-heag-tram,1,8-rmvhtr-1
rmv-heag-tram,2,8-rmvhtr-2
rmv-heag-tram,3,8-rmvhtr-3
rmv-heag-tram,4,8-rmvhtr-4
rmv-heag-tram,5,8-rmvhtr-5
rmv-heag-tram,6,8-rmvhtr-6
rmv-heag-tram,7,8-rmvhtr-7
rmv-heag-tram,8,8-rmvhtr-8
rmv-heag-tram,9,8-rmvhtr-9
rmv-heag-tram,10,8-rmvhtr-10
rmv-hsb-bus,1,5-rmv399-1
rmv-hsb-bus,2,5-rmv399-2
rmv-hsb-bus,4,5-rmv399-4
rmv-hsb-bus,5,5-rmv399-5
rmv-hsb-bus,6,5-rmv399-6
rmv-hsb-bus,7,5-rmv399-7
rmv-hsb-bus,8,5-rmv399-8
rmv-hsb-bus,9,5-rmv399-9
rmv-hsb-bus,10,5-rmv399-10
rmv-hsb-bus,11,5-rmv399-11
rmv-hsb-bus,12,5-rmv399-12
rmv-hsb-bus,20,5-rmv399-20
rmv-mm-bus,6,5-rmvmmb-6
rmv-mm-bus,9,5-rmvmmb-9
rmv-mm-bus,28,5-rmvmmb-28
rmv-mm-bus,33,5-rmvmmb-33
rmv-mm-bus,54,5-rmvmmb-54
rmv-mm-bus,55,5-rmvmmb-55
rmv-mm-bus,56,5-rmvmmb-56
rmv-mm-bus,57,5-rmvmmb-57
rmv-mm-bus,58,5-rmvmmb-58
rmv-mm-bus,60,5-rmvmmb-60
rmv-mm-bus,62,5-rmvmmb-62
rmv-mm-bus,63,5-rmvmmb-63
rmv-mm-bus,64,5-rmvmmb-64
rmv-mm-bus,65,5-rmvmmb-65
rmv-mm-bus,66,5-rmvmmb-66
rmv-mm-bus,67,5-rmvmmb-67
rmv-mm-bus,68,5-rmvmmb-68
rmv-mm-bus,69,5-rmvmmb-69
rmv-mm-bus,70,5-rmvmmb-70
rmv-mm-bus,71,5-rmvmmb-71
rmv-mm-bus,74,5-rmvmmb-74
rmv-mm-bus,76,5-rmvmmb-76
rmv-mm-bus,78,5-rmvmmb-78
rmv-mm-bus,79,5-rmvmmb-79
rmv-mm-bus,80,5-rmvmmb-80
rmv-mm-bus,81,5-rmvmmb-81
rmv-mm-bus,90,5-rmvmmb-90
rmv-mm-bus,91,5-rmvmmb-91
rmv-mm-bus,92,5-rmvmmb-92
rmv-mm-bus,93,5-rmvmmb-93
rmv-mm-tram,50,8-rmvmmt-50
rmv-mm-tram,51,8-rmvmmt-51
rmv-mm-tram,52,8-rmvmmt-52
rmv-mm-tram,53,8-rmvmmt-53
rmv-mm-tram,59,8-rmvmmt-59
rmv-vgf-tram,11,8-rmv254-11
rmv-vgf-tram,12,8-rmv254-12
rmv-vgf-tram,14,8-rmv254-14
rmv-vgf-tram,15,8-rmv254-15
rmv-vgf-tram,16,8-rmv254-16
rmv-vgf-tram,17,8-rmv254-17
rmv-vgf-tram,18,8-rmv254-18
rmv-vgf-tram,20,8-rmv254-20
rmv-vgf-tram,21,8-rmv254-21
rmv-vgf-ubahn,U1,7-rmv255-1
rmv-vgf-ubahn,U2,7-rmv255-2
rmv-vgf-ubahn,U3,7-rmv255-3
rmv-vgf-ubahn,U4,7-rmv255-4
rmv-vgf-ubahn,U5,7-rmv255-5
rmv-vgf-ubahn,U6,7-rmv255-6
rmv-vgf-ubahn,U7,7-rmv255-7
rmv-vgf-ubahn,U8,7-rmv255-8
rmv-vgf-ubahn,U9,7-rmv255-9
rosa-rvhi,21,5-webrvh-21
rosa-rvhi,22,5-webrvh-22
rosa-rvhi,23,5-webrvh-23
rosa-rvhi,24,5-webrvh-24
rosa-rvhi,25,5-webrvh-25
rosa-rvhi,31,5-webrvh-31
rosa-rvhi,32,5-webrvh-32
rosa-rvhi,33,5-webrvh-33
rosa-rvhi,34,5-webrvh-34
rosa-rvhi,35,5-webrvh-35
rosa-rvhi,41,5-webrvh-41
rosa-rvhi,42,5-webrvh-42
rosa-rvhi,43,5-webrvh-43
rosa-rvhi,44,5-webrvh-44
rosa-rvhi,51,5-webrvh-51
rosa-rvhi,52,5-webrvh-52
rosa-rvhi,53,5-webrvh-53
rosa-rvhi,61,5-webrvh-61
rosa-rvhi,62,5-webrvh-62
rosa-rvhi,63,5-webrvh-63
rosa-rvhi,64,5-webrvh-64
rosa-rvhi,65,5-webrvh-65
rosa-rvhi,66,5-webrvh-66
rosa-rvhi,67,5-webrvh-67
rosa-rvhi,68,5-webrvh-68
rosa-rvhi,201,5-webrvh-201
rosa-rvhi,202,5-webrvh-202
rosa-rvhi,211,5-webrvh-211
rosa-rvhi,212,5-webrvh-212
rosa-rvhi,213,5-webrvh-213
rosa-rvhi,341,5-webrvh-341
rosa-rvhi,411,5-webrvh-411
rosa-rvhi,501,5-webrvh-501
rosa-rvhi,502,5-webrvh-502
rosa-rvhi,521,5-webrvh-521
rosa-rvhi,522,5-webrvh-522
rosa-rvhi,601,5-webrvh-601
rosa-rvhi,602,5-webrvh-602
rosa-rvhi,641,5-webrvh-641
rosa-rvhi,642,5-webrvh-642
rosa-rvhi,661,5-webrvh-661
rosa-rvhi,N1,5-webrvh-n1
rosa-rvhi,N2,5-webrvh-n2
rosa-rvhi,N3,5-webrvh-n3
rosa-rvhi,N4,5-webrvh-n4
rosa-rvhi,N5,5-webrvh-n5
rosa-rvhi,N6,5-webrvh-n6
rosa-rvhi,N7,5-webrvh-n7
rosa-rvhi,N8,5-webrvh-n8
rosa-rvhi,N9,5-webrvh-n9
rosa-svhi,1,5-websvh-1
rosa-svhi,2,5-websvh-2
rosa-svhi,3,5-websvh-3
rosa-svhi,4,5-websvh-4
rosa-svhi,5,5-websvh-5
rosa-svhi,6,5-websvh-6
rosa-svhi,7,5-websvh-7
rosa-svhi,8,5-websvh-8
rosa-svhi,9,5-websvh-9
rosa-svhi,10,5-websvh-10
rosa-svhi,11,5-websvh-11
rosa-svhi,13,5-websvh-13
rosa-svhi,14,5-websvh-14
rosa-svhi,17,5-websvh-17
rosa-svhi,101,5-websvh-101
rosa-svhi,102,5-websvh-102
rosa-svhi,103,5-websvh-103
rosa-svhi,104,5-websvh-104
rosa-svhi,105,5-websvh-105
rosa-svhi,106,5-websvh-106
rosa-svhi,107,5-websvh-107
rosa-svhi,108,5-websvh-108
rvf-sbahn,RE S1,s1
rvf-sbahn,S1,s1
rvf-sbahn,S2,s2
rvf-sbahn,S3,s3
rvf-sbahn,S5,s5
rvf-sbahn,S10,s10
rvf-sbahn,S11,s11
rvf-sweg-sudwest,1,5-swg099-sb1
rvf-sweg-sudwest,2,5-swg099-sb2
rvf-sweg-sudwest,3,5-swg099-sb3
rvf-sweg-sudwest,4,9-swg099-4
rvf-sweg-sudwest,5,5-swg099-sb5
rvf-sweg-sudwest,6,5-swg099-sb6
rvf-sweg-sudwest,7,9-swg099-7
rvf-sweg-sudwest,9,5-swg099-sb9
rvf-sweg-sudwest,10,9-swg099-10
rvf-vag-stadtbahn,1,8-vag002-1
rvf-vag-stadtbahn,2,8-vag002-2
rvf-vag-stadtbahn,3,8-vag002-3
rvf-vag-stadtbahn,4,8-vag002-4
rvf-vag-stadtbahn,5,8-vag002-5
rvl-sgb,7300,5-rbgsbg-7300
rvl-sgb,7301,5-rbgsbg-7301
rvl-sgb,7302,5-rbgsbg-7302
rvl-sgb,7304,5-rbgsbg-7304
rvl-sgb,7307,5-rbgsbg-7307
rvl-sgb,7308,5-rbgsbg-7308
rvl-sgb,7309,5-rbgsbg-7309
rvl-sgb,7310,5-rbgsbg-7310
rvl-sgb,7311,5-rbgsbg-7311
rvl-sgb,7312,5-rbgsbg-7312
rvl-sgb,7312.1,5-rbgsbg-7312.1
rvl-sgb,7313,5-rbgsbg-7313
rvl-sweg,1,5-sw1001-1
rvl-sweg,2,5-sw1001-2
rvl-sweg,3,5-sw1001-3
rvl-sweg,6,5-sw1001-6
rvl-sweg,7,5-sw1001-7
rvl-sweg,8,5-sw1001-8
rvl-sweg,8 AST,5-sw1001-8-ast
rvl-sweg,9,5-sw1001-9
rvl-sweg,10,5-sw1001-10
rvl-sweg,12,5-sw1001-12
rvl-sweg,15,5-sw1001-15
rvl-sweg,16,5-sw1001-16
rvl-sweg,17,5-sw1001-17
rvl-sweg,54,5-sw1001-54
rvl-sweg,55,5-sw1001-55
rvl-sweg,66,5-sw1001-66
rvl-sweg,220,5-sw1001-220
s-bahn-hannover-transdev,S 1,s1
s-bahn-hannover-transdev,S 2,s2
s-bahn-hannover-transdev,S 21,s21
s-bahn-hannover-transdev,S 3,s3
s-bahn-hannover-transdev,S 4,s4
s-bahn-hannover-transdev,S 5,s5
s-bahn-hannover-transdev,S 51,s51
s-bahn-hannover-transdev,S 6,s6
s-bahn-hannover-transdev,S 7,s7
s-bahn-hannover-transdev,S 8,s8
saarbahn,S1,8-vgssbs-1
saarbahn,30,5-vgssbb-30
saarbahn,101,5-vgssbb-101
saarbahn,102,5-vgssbb-102
saarbahn,103,5-vgssbb-103
saarbahn,104,5-vgssbb-104
saarbahn,105,5-vgssbb-105
saarbahn,106,5-vgssbb-106
saarbahn,107,5-vgssbb-107
saarbahn,108,5-vgssbb-108
saarbahn,109,5-vgssbb-109
saarbahn,110,5-vgssbb-110
saarbahn,111,5-vgssbb-111
saarbahn,112,5-vgssbb-112
saarbahn,120,5-vgssbb-120
saarbahn,121,5-vgssbb-121
saarbahn,122,5-vgssbb-122
saarbahn,123,5-vgssbb-123
saarbahn,124,5-vgssbb-124
saarbahn,125,5-vgssbb-125
saarbahn,126,5-vgssbb-126
saarbahn,128,5-vgssbb-128
saarbahn,129,5-vgssbb-129
saarbahn,130,5-vgssbb-130
saarbahn,131,5-vgssbb-131
saarbahn,133,5-vgssbb-133
saarbahn,134,5-vgssbb-134
saarbahn,135,5-vgssbb-135
saarbahn,136,5-vgssbb-136
saarbahn,137,5-vgssbb-137
saarbahn,138,5-vgssbb-138
saarbahn,139,5-vgssbb-139
saarbahn,151,5-vgssbb-151
saarbahn,152,5-vgssbb-152
saarbahn,153,5-vgssbb-153
saarbahn,154,5-vgssbb-154
saarbahn,161,5-vgssbb-161
saarbahn,163,5-vgssbb-163
saarbahn,164,5-vgssbb-164
saarbahn,165,5-vgssbb-165
saarbahn,168,5-vgssbb-168
stadtlinie-limburg,LM-1,5-rmvSLM-lm-1
stadtlinie-limburg,LM-2,5-rmvSLM-lm-2
stadtlinie-limburg,LM-3,5-rmvSLM-lm-3
stadtlinie-limburg,LM-5,5-rmvSLM-lm-5
stadtlinie-limburg,LM-20,5-rmvSLM-lm-20
stadtlinie-limburg,LM-21,5-rmvSLM-lm-21
stadtlinie-limburg,LM-22,5-rmvSLM-lm-22
stadtlinie-limburg,LM-23,5-rmvSLM-lm-23
stadtlinie-limburg,LM-24,5-rmvSLM-lm-24
stadtlinie-limburg,LM-25,5-rmvSLM-lm-25
stadtlinie-limburg,LM-26,5-rmvSLM-lm-26
stadtwerke-passau,Linie 1,5-swpvbp-1
stadtwerke-passau,Linie 2,5-swpvbp-2
stadtwerke-passau,Linie 3,5-swpvbp-3
stadtwerke-passau,Linie 4,5-swpvbp-4
stadtwerke-passau,Linie 5,5-swpvbp-5
stadtwerke-passau,Linie 6,5-swpvbp-6
stadtwerke-passau,Linie 7,5-swpvbp-7
stadtwerke-passau,Linie 8,5-swpvbp-8
stadtwerke-passau,Linie 9,5-swpvbp-9
stadtwerke-passau,Linie 10,5-swpvbp-10
stadtwerke-passau,Linie 11,5-swpvbp-11
stadtwerke-passau,Linie 13,5-swpvbp-13
stadtwerke-passau,Linie 56,5-swpvbp-56
stadtwerke-passau,Linie 78,5-swpvbp-78
stadtwerke-passau,Linie 79,5-swpvbp-79
stadtwerke-passau,Linie K1,5-swpvbp-K1
stadtwerke-passau,Linie K2,5-swpvbp-K2
stadtwerke-passau,Linie K3,5-swpvbp-K3
stadtwerke-passau,Linie K4,5-swpvbp-K4
start,RB12,rb12
start,RB15,rb15
sued-thueringen-bahn,RB41,rb41
sued-thueringen-bahn,RB43,rb43
sued-thueringen-bahn,RB44,rb44
sued-thueringen-bahn,RE45,re45
sued-thueringen-bahn,RB46,rb46
sued-thueringen-bahn,RB48,rb48
sued-thueringen-bahn,RE50,re50
svg-stuttgart,RE4,re4
svv-brb,S3,at:svv:REX3:
svv-brb,S4,at:svv:S4:
sweg-stuttgart,RE 6,re6
sweg-stuttgart,RE 10a,re10a
sweg-stuttgart,RE 10b,re10b
sweg-stuttgart,RE 71,re71
sweg-stuttgart,MEX 12,mex12
sweg-stuttgart,MEX 17a,mex17a
sweg-stuttgart,MEX 17c,mex17c
sweg-stuttgart,MEX 18,mex18
sweg-stuttgart,RB 17a,rb17a
sweg-stuttgart,RB 17c,rb17c
sweg-stuttgart,RB 18,rb18
sweg-stuttgart,RE 18,re18
sweg-stuttgart,RB 10a,rb10a
sweg-sudwest,RE4,re4
sweg-sudwest,RB 42,swe-rb42
sweg-sudwest,RB 42a,swerb42a
sweg-sudwest,RE 42,re42
sweg-sudwest,RB 43,swe-rb43
sweg-sudwest,RB 43a,swerb43a
sweg-sudwest,RB 59a,swerb59a
sweg-sudwest,RB 66,swe-rb66
sweg-sudwest,RE66,re66
sweg-sudwest,RB 67,swe-rb67
sweg-sudwest,RB 68,swe-rb68
sweg-sudwest,RB 68a,re68a
sweg-sudwest,RB 69,swe-rb69
sweg-sudwest,RB 76,rb76
sweg-sudwest,RS 1,swe-rs1
sweg-sudwest,RS 11,swe-rs11
sweg-sudwest,RS 12,swe-rs12
sweg-sudwest,RS 2,swe-rs2
sweg-sudwest,RS 4,swe-rs4
tgo-suedwestbus,400,5-rbgrvs-400
tgo-suedwestbus,423,5-rbgrvs-423
tgo-suedwestbus,425,5-rbgrvs-425
tgo-suedwestbus,7122,5-rbgrvs-7122
tgo-suedwestbus,7124,5-rbgrvs-7124
tgo-suedwestbus,7130,5-rbgrvs-7130
tgo-suedwestbus,7131,5-rbgrvs-7131
tgo-suedwestbus,7132,5-rbgrvs-7132
tgo-suedwestbus,7134,5-rbgrvs-7134
tgo-suedwestbus,7135,5-rbgrvs-7135
tgo-suedwestbus,7136,5-rbgrvs-7136
tgo-suedwestbus,7137,5-rbgrvs-7137
tgo-suedwestbus,7141,5-rbgrvs-7141
tgo-suedwestbus,7142,5-rbgrvs-7142
tgo-suedwestbus,7144,5-rbgrvs-7144
tgo-suedwestbus,7146,5-rbgrvs-7146
tgo-suedwestbus,7150,5-rbgrvs-7150
tgo-suedwestbus,7151,5-rbgrvs-7151
tgo-suedwestbus,7156,5-rbgrvs-7156
tgo-suedwestbus,7160,5-rbgrvs-7160
tgo-suedwestbus,K2,5-rbgrvs-k2
tgo-suedwestbus,K5,5-rbgrvs-k5
tgo-sweg,100,5-tgo099-100
tgo-sweg,101,5-tgo099-101
tgo-sweg,102,5-tgo099-102
tgo-sweg,103,5-tgo099-103
tgo-sweg,104,5-tgo099-104
tgo-sweg,105,5-tgo099-105
tgo-sweg,106,5-tgo099-106
tgo-sweg,107,5-tgo099-107
tgo-sweg,108,5-tgo099-108
tgo-sweg,109,5-tgo099-109
tgo-sweg,111,5-tgo099-111
tgo-sweg,113,5-tgo099-113
tgo-sweg,114,5-tgo099-114
tgo-sweg,115,5-tgo099-115
tgo-sweg,301,5-tgo099-301
tgo-sweg,403,5-tgo099-403
tgo-sweg,405,5-tgo099-405
tgo-sweg,K1,5-tgo099-K1
tgo-sweg,K3,5-tgo099-K3
tgo-sweg,K4,5-tgo099-K4
tgo-sweg,K10,5-tgo099-K10
tgo-sweg,R2,5-tgo099-R2
tgo-sweg,R9,5-tgo099-R9
tgo-sweg,S1,5-tgo099-S1
tgo-sweg,S2,5-tgo099-S2
tgo-sweg,S3,5-tgo099-S3
tgo-sweg,S4,5-tgo099-S4
tgo-sweg,S5,5-tgo099-S5
tgo-sweg,S6,5-tgo099-S6
tgo-sweg,S7,5-tgo099-S7
tgo-sweg,S8,5-tgo099-S8
tgo-sweg,S9,5-tgo099-S9
tgo-sweg,S10,5-tgo099-S10
tlx,L2,tl-l2
tlx,L24,tl-l24
tlx,L4,tl-l4
tlx,L7,tl-l7
tlx,RB60,tl-rb60
tlx,RB61,tl-rb61
tlx,RE1,tlx-re1
tlx,RE2,tlx-re2
tlx,T9,tl-t9
trans-regio,RE2,re2
trans-regio,RB32,rb32
uestra,1,8-webuet-1
uestra,2,8-webuet-2
uestra,3,8-webuet-3
uestra,4,8-webuet-4
uestra,5,8-webuet-5
uestra,6,8-webuet-6
uestra,7,8-webuet-7
uestra,8,8-webuet-8
uestra,9,8-webuet-9
uestra,10,8-webuet-10
uestra,11,8-webuet-11
uestra,12,8-webuet-12
uestra,13,8-webuet-13
uestra,17,8-webuet-17
uestra,100,5-webueb-100
uestra,120,5-webueb-120
uestra,121,5-webueb-121
uestra,122,5-webueb-122
uestra,123,5-webueb-123
uestra,124,5-webueb-124
uestra,125,5-webueb-125
uestra,126,5-webueb-126
uestra,127,5-webueb-127
uestra,128,5-webueb-128
uestra,129,5-webueb-129
uestra,130,5-webueb-130
uestra,133,5-webueb-133
uestra,134,5-webueb-134
uestra,135,5-webueb-135
uestra,136,5-webueb-136
uestra,137,5-webueb-137
uestra,200,5-webueb-200
uestra,253,5-webueb-253
uestra,254,5-webueb-254
uestra,267,5-webueb-267
uestra,330,5-webueb-330
uestra,340,5-webueb-340
uestra,341,5-webueb-341
uestra,345,5-webueb-345
uestra,346,5-webueb-346
uestra,347,5-webueb-347
uestra,348,5-webueb-348
uestra,363,5-webueb-363
uestra,371,5-webueb-371
uestra,372,5-webueb-372
uestra,373,5-webueb-373
uestra,390,5-webueb-390
uestra,420,5-webueb-420
uestra,450,5-webueb-450
uestra,470,5-webueb-470
uestra,480,5-webueb-480
uestra,581,5-webueb-581
uestra,610,5-webueb-610
uestra,611,5-webueb-611
uestra,631,5-webueb-631
uestra,800,5-webueb-800
vbb-bvg-tram,M1,8-vbbbvt-m1
vbb-bvg-tram,M2,8-vbbbvt-m2
vbb-bvg-tram,M4,8-vbbbvt-m4
vbb-bvg-tram,M5,8-vbbbvt-m5
vbb-bvg-tram,M6,8-vbbbvt-m6
vbb-bvg-tram,M8,8-vbbbvt-m8
vbb-bvg-tram,M10,8-vbbbvt-m10
vbb-bvg-tram,M13,8-vbbbvt-m13
vbb-bvg-tram,M17,8-vbbbvt-m17
vbb-bvg-tram,12,8-vbbbvt-12
vbb-bvg-tram,16,8-vbbbvt-16
vbb-bvg-tram,18,8-vbbbvt-18
vbb-bvg-tram,21,8-vbbbvt-21-1498437-5841048
vbb-bvg-tram,27,8-vbbbvt-27
vbb-bvg-tram,37,8-vbbbvt-37
vbb-bvg-tram,50,8-vbbbvt-50
vbb-bvg-tram,60,8-vbbbvt-60
vbb-bvg-tram,61,8-vbbbvt-61
vbb-bvg-tram,62,8-vbbbvt-62
vbb-bvg-tram,63,8-vbbbvt-63
vbb-bvg-tram,67,8-vbbbvt-67
vbb-bvg-tram,68,8-vbbbvt-68
vbb-bvg-ubahn,U1,7-vbbbvu-1
vbb-bvg-ubahn,U2,7-vbbbvu-2
vbb-bvg-ubahn,U3,7-vbbbvu-3
vbb-bvg-ubahn,U4,7-vbbbvu-4
vbb-bvg-ubahn,U5,7-vbbbvu-5
vbb-bvg-ubahn,U6,7-vbbbvu-6
vbb-bvg-ubahn,U7,7-vbbbvu-7
vbb-bvg-ubahn,U8,7-vbbbvu-8
vbb-bvg-ubahn,U9,7-vbbbvu-9
vbb-cv-bus,9,5-vbbcnb-9
vbb-cv-bus,10,5-vbbcnb-10
vbb-cv-bus,11,5-vbbcnb-11
vbb-cv-bus,12,5-vbbcnb-12
vbb-cv-bus,13,5-vbbcnb-13
vbb-cv-bus,14,5-vbbcnb-14
vbb-cv-bus,15,5-vbbcnb-15
vbb-cv-bus,16,5-vbbcnb-16
vbb-cv-bus,17,5-vbbcnb-17
vbb-cv-bus,18,5-vbbcnb-18
vbb-cv-bus,19,5-vbbcnb-19
vbb-cv-bus,20,5-vbbcnb-20
vbb-cv-bus,24,5-vbbcnb-24
vbb-cv-bus,28,5-vbbcnb-28
vbb-cv-tram,1,8-vbbcnt-1
vbb-cv-tram,2,8-vbbcnt-2
vbb-cv-tram,3,8-vbbcnt-3
vbb-cv-tram,4,8-vbbcnt-4
vbb-db-sbahn,S1,s1
vbb-db-sbahn,S15,4-08-15
vbb-db-sbahn,S2,s2
vbb-db-sbahn,S25,s25
vbb-db-sbahn,S26,s26
vbb-db-sbahn,S3,s3
vbb-db-sbahn,S41,s41
vbb-db-sbahn,S42,s42
vbb-db-sbahn,S46,s46
vbb-db-sbahn,S47,s47
vbb-db-sbahn,S5,s5
vbb-db-sbahn,S7,s7
vbb-db-sbahn,S75,s75
vbb-db-sbahn,S8,s8
vbb-db-sbahn,S85,s85
vbb-db-sbahn,S9,s9
vbb-vip-bus,603,5-vbbvib-603
vbb-vip-bus,605,5-vbbvib-605
vbb-vip-bus,609,5-vbbvib-609
vbb-vip-bus,612,5-vbbvib-612
vbb-vip-bus,616,5-vbbvib-616
vbb-vip-bus,638,5-vbbvib-638
vbb-vip-bus,639,5-vbbvib-639
vbb-vip-bus,690,5-vbbvib-690
vbb-vip-bus,691,5-vbbvib-691
vbb-vip-bus,692,5-vbbvib-692
vbb-vip-bus,693,5-vbbvib-693
vbb-vip-bus,694,5-vbbvib-694
vbb-vip-bus,695,5-vbbvib-695
vbb-vip-bus,696,5-vbbvib-696
vbb-vip-bus,697,5-vbbvib-697
vbb-vip-bus,698,5-vbbvib-698
vbb-vip-bus,699,5-vbbvib-699
vbb-vip-bus,X5,5-vbbvib-x5
vbb-vip-bus,X15,5-vbbvib-x15
vbb-vip-bus,N14,5-vbbvib-n14
vbb-vip-bus,N15,5-vbbvib-n15
vbb-vip-bus,N16,5-vbbvib-n16
vbb-vip-bus,N17,5-vbbvib-n17
vbb-vip-tram,91,8-vbbvit-91
vbb-vip-tram,92,8-vbbvit-92
vbb-vip-tram,93,8-vbbvit-93
vbb-vip-tram,94,8-vbbvit-94
vbb-vip-tram,96,8-vbbvit-96
vbb-vip-tram,98,8-vbbvit-98
vbb-vip-tram,99,8-vbbvit-99
vbg,RB 1,vbg-rb1
vbg,RB 2,vbg-rb2
vbg,RB 4,vbg-rb4
vbg,RB 5,vbg-rb5
vbn-bsag,1,8-webbtr-1
vbn-bsag,1E,8-webbtr-1e
vbn-bsag,1S,8-webbtr-1s
vbn-bsag,2,8-webbtr-2
vbn-bsag,3,8-webbtr-3
vbn-bsag,4,8-webbtr-4
vbn-bsag,4S,8-webbtr-4s
vbn-bsag,5,8-webbtr-5
vbn-bsag,5S,8-webbtr-5s
vbn-bsag,6,8-webbtr-6
vbn-bsag,6E,8-webbtr-6e
vbn-bsag,8,8-webbtr-8
vbn-bsag,10,8-webbtr-10
vbn-bsag,14,8-webbtr-14
vbn-bsag,20,5-webbbu-20
vbn-bsag,21,5-webbbu-21
vbn-bsag,22,5-webbbu-22
vbn-bsag,24,5-webbbu-24
vbn-bsag,25,5-webbbu-25
vbn-bsag,26,5-webbbu-26
vbn-bsag,27,5-webbbu-27
vbn-bsag,28,5-webbbu-28
vbn-bsag,29,5-webbbu-29
vbn-bsag,31,5-webbbu-31
vbn-bsag,33,5-webbbu-33
vbn-bsag,34,5-webbbu-34
vbn-bsag,37,5-webbbu-37
vbn-bsag,38,5-webbbu-38
vbn-bsag,39,5-webbbu-39
vbn-bsag,40,5-webbbu-40
vbn-bsag,41,5-webbbu-41
vbn-bsag,41S,5-webbbu-41s
vbn-bsag,42,5-webbbu-42
vbn-bsag,44,5-webbbu-44
vbn-bsag,52,5-webbbu-52
vbn-bsag,55,5-webbbu-55
vbn-bsag,57,5-webbbu-57
vbn-bsag,58,5-webbbu-58
vbn-bsag,61,5-webbbu-61
vbn-bsag,62,5-webbbu-62
vbn-bsag,63,5-webbbu-63
vbn-bsag,63S,5-webvol-63s
vbn-bsag,65,5-webbbu-65
vbn-bsag,66,5-webbbu-66
vbn-bsag,80,5-webbbu-80
vbn-bsag,81,5-webbbu-81
vbn-bsag,82,5-webbbu-82
vbn-bsag,90,5-webbbu-90
vbn-bsag,91,5-webbbu-91
vbn-bsag,92,5-webbbu-92
vbn-bsag,93,5-webbbu-93
vbn-bsag,94,5-webbbu-94
vbn-bsag,95,5-webbbu-95
vbn-bsag,96,5-webbbu-96
vbn-bsag,98,5-webbbu-98
vbn-nwb-regio-s-bahn,RS 1,rs1
vbn-nwb-regio-s-bahn,RS 2,rs2
vbn-nwb-regio-s-bahn,RS 3,rs3
vbn-nwb-regio-s-bahn,RS 30,rs30
vbn-nwb-regio-s-bahn,RS 4,rs4
vbn-nwb-regio-s-bahn,RS 6,rs6
vgc-daeuble,770,5-vvs031-770
vgc-eberhardt,715,5-vvs031-715
vgc-eberhardt,724,5-vvs031-724
vgc-eberhardt,820,5-vvs031-820
vgc-eberhardt,824,5-vvs031-824
vgc-rab,300,5-rabrab-300
vgc-rab,320,5-rabrab-320
vgc-rab,420,5-rabrab-420
vgc-rab,430,5-rabrab-430
vgc-rab,435,5-rabrab-435
vgc-rab,444,5-rabrab-444
vgc-rab,502,5-rabrab-502
vgc-rab,540,5-rabrab-540
vgc-rab,552,5-rabrab-552
vgc-rab,555,5-rabrab-555
vgc-rab,630,5-rabrab-630
vgc-rab,632,5-rabrab-632
vgc-rab,633,5-rabrab-633
vgc-rab,634,5-rabrab-634
vgc-rab,635,5-rabrab-635
vgc-rab,636,5-rabrab-636
vgc-rab,640,5-rabrab-640
vgc-rab,641,5-rabrab-641
vgc-rab,680,5-rabrab-680
vgc-rab,710,5-rabrab-710
vgc-rab,759,5-rabrab-759
vgc-rab,760,5-rabrab-760
vgc-rab,771,5-rabrab-771
vgc-rab,772,5-rabrab-772
vgc-rab,775,5-rabrab-775
vgc-rab,F20,5-rabrab-f20
vgc-rab,X63,5-rabrab-x63
vgc-rab,X78,5-rabrab-x78
vgc-rvs,670,5-cw032-x78
vgc-teinachtal-reisen,450,5-rabrab-450
vgc-teinachtal-reisen,520,5-rabrab-520
vgc-volz,661,5-cw032-661
vgc-volz,662,5-cw032-662
vgc-volz,663,5-cw032-663
vgc-volz,664,5-cw032-664
vgc-volz,670,5-cw032-670
vgc-volz,880,5-cw032-880
vgf-freizeitverkehr,F 1,6-voe091-f1
vgf-freizeitverkehr,F 3,6-voe091-f3
vgf-freizeitverkehr,F 9,6-voe091-f9
vgf-freizeitverkehr,F 10,6-voe091-f10
vgf-freizeitverkehr,F 11,6-voe091-f11
vgf-freizeitverkehr,F 13,6-voe091-f13
vgf-freizeitverkehr,F 14,6-voe091-f14
vgf-freizeitverkehr,F 16,6-voe091-f16
vgf-freizeitverkehr,F 19,6-voe091-f19
vgf-freizeitverkehr,F 20,6-voe091-f20
vgf-private-vu,11,5-fdsbus-11
vgf-private-vu,19,5-fdsbus-19
vgf-private-vu,21,5-fdsbus-21
vgf-private-vu,22,5-fdsbus-22
vgf-private-vu,23,5-fdsbus-23
vgf-private-vu,31,5-fdsbus-31
vgf-private-vu,32,5-fdsbus-32
vgf-private-vu,33,5-fdsbus-33
vgf-private-vu,34,5-fdsbus-34
vgf-private-vu,35,5-fdsbus-35
vgf-private-vu,R33,5-fdsbus-r33
vgf-private-vu,41,5-fdsbus-41
vgf-private-vu,42,5-fdsbus-42
vgf-private-vu,43,5-fdsbus-43
vgf-private-vu,45,5-fdsbus-45
vgf-private-vu,50,5-fdsbus-50
vgf-private-vu,60,5-fdsbus-60
vgf-private-vu,61,5-fdsbus-61
vgf-private-vu,70,5-fdsbus-70
vgf-private-vu,7266,5-fdsbus-7266
vgf-private-vu,100,5-fdsbus-100
vgf-private-vu,200,5-fdsbus-200
vgf-suedwestbus,7161,5-rbgrvs-7161
vgf-suedwestbus,7400,5-rbgrvs-7400
vgf-suedwestbus,7401,5-rbgrvs-7401
vgf-suedwestbus,7402,5-rbgrvs-7402
vgf-suedwestbus,7403,5-rbgrvs-7403
vgf-suedwestbus,7405,5-rbgrvs-7405
vgf-suedwestbus,7406,5-rbgrvs-7406
vgf-suedwestbus,7408,5-rbgrvs-7408
vgf-suedwestbus,7409,5-rbgrvs-7409
vgf-suedwestbus,7411,5-rbgrvs-7411
vgf-suedwestbus,7417,5-rbgrvs-7417
vgf-suedwestbus,7418,5-rbgrvs-7418
vgf-suedwestbus,7782,5-rbgrvs-7782
vgf-suedwestbus,7784,5-rbgrvs-7784
vgf-suedwestbus,7787,5-rbgrvs-7787
vgf-suedwestbus,7788,5-rbgrvs-7788
vgf-suedwestbus,7938,5-rbgrvs-7938
vgn-db-sbn,S 1,s1
vgn-db-sbn,S 2,s2
vgn-db-sbn,S 3,s3
vgn-db-sbn,S 4,s4
vgn-db-sbn,S 5,s5
vgn-db-sbn,S 6,s6
vgn-estw-bus,280,5-estbus-280
vgn-estw-bus,281,5-estbus-281
vgn-estw-bus,281T,9-estbus-281t
vgn-estw-bus,283,5-estbus-283
vgn-estw-bus,283T,9-estbus-283t
vgn-estw-bus,284,5-estbus-284
vgn-estw-bus,285,5-estbus-285
vgn-estw-bus,285T,9-estbus-285t
vgn-estw-bus,286,5-estbus-286
vgn-estw-bus,287,5-estbus-287
vgn-estw-bus,287T,9-estbus-287t
vgn-estw-bus,289,5-estbus-289
vgn-estw-bus,290,5-estbus-290
vgn-estw-bus,293,5-estbus-293
vgn-estw-bus,293T,9-estbus-293t
vgn-estw-bus,294,5-estbus-294
vgn-estw-bus,295,5-estbus-295
vgn-estw-bus,296,5-estbus-296
vgn-estw-bus,298,5-estbus-298
vgn-estw-bus,299,5-estbus-299
vgn-infra-bus,171,5-fuebus-171
vgn-infra-bus,172,5-fuebus-172
vgn-infra-bus,173,5-fuebus-173
vgn-infra-bus,174,5-fuebus-174
vgn-infra-bus,175,5-fuebus-175
vgn-infra-bus,176,5-fuebus-176
vgn-infra-bus,177,5-fuebus-177
vgn-infra-bus,178,5-fuebus-178
vgn-infra-bus,179,5-fuebus-179
vgn-infra-bus,189,5-fuebus-189
vgn-swh-bus,1501,5-hof004-1501
vgn-swh-bus,1502,5-hof004-1502
vgn-swh-bus,1503,5-hof004-1503
vgn-swh-bus,1504,5-hof004-1504
vgn-swh-bus,1505,5-hof004-1505
vgn-swh-bus,1506,5-hof004-1506
vgn-swh-bus,1507,5-hof004-1507
vgn-swh-bus,1508,5-hof004-1508
vgn-swh-bus,1509,5-hof004-1509
vgn-swh-bus,1510,5-hof004-1510
vgn-swh-bus,1511,5-hof004-1511
vgn-swh-bus,1512,5-hof004-1512
vgn-swh-bus,1513,5-hof004-1513
vgn-swh-bus,1514,5-hof004-1514
vgn-swh-bus,1515,5-hof004-1515
vgn-swh-bus,1516,5-hof004-1516
vgn-swh-bus,1517,5-hof004-1517
vgn-swh-bus,1518,5-hof004-1518
vgn-vag-tram,4,8-vanstr-4
vgn-vag-tram,5,8-vanstr-5
vgn-vag-tram,6,8-vanstr-6
vgn-vag-tram,7,8-vanstr-7
vgn-vag-tram,8,8-vanstr-8
vgn-vag-tram,11,8-vanstr-11
vgn-vag-tram,10,8-vanstr-10
vgn-vag-ubahn,U 1,7-vanuba-1
vgn-vag-ubahn,U 2,7-vanuba-2
vgn-vag-ubahn,U 3,7-vanuba-3
vhb-regionalverkehr,100,5-vhb002-100
vhb-regionalverkehr,100S,5-vhb002-100S
vhb-regionalverkehr,101,5-vhb002-101
vhb-regionalverkehr,101S,5-vhb002-101S
vhb-regionalverkehr,102,5-vhb002-102
vhb-regionalverkehr,102S,5-vhb002-102S
vhb-regionalverkehr,103,5-vhb002-103
vhb-regionalverkehr,104,5-vhb002-104
vhb-regionalverkehr,105,5-vhb002-105
vhb-regionalverkehr,106,5-vhb002-106
vhb-regionalverkehr,200,5-vhb002-200
vhb-regionalverkehr,200S,5-vhb002-200S
vhb-regionalverkehr,201,5-vhb002-201
vhb-regionalverkehr,202,5-vhb002-202
vhb-regionalverkehr,203,5-vhb002-203
vhb-regionalverkehr,203S,5-vhb002-203S
vhb-regionalverkehr,204,5-vhb002-204
vhb-regionalverkehr,205,5-vhb002-205
vhb-regionalverkehr,300,5-vhb002-300
vhb-regionalverkehr,301,5-vhb002-301
vhb-regionalverkehr,302,5-vhb002-302
vhb-regionalverkehr,303,5-vhb002-303
vhb-regionalverkehr,304,5-vhb002-304
vhb-regionalverkehr,305,5-vhb002-305
vhb-regionalverkehr,306,5-vhb002-306
vhb-regionalverkehr,307,5-vhb002-307
vhb-regionalverkehr,308,5-vhb002-308
vhb-regionalverkehr,400,5-vhb002-400
vhb-regionalverkehr,401,5-vhb002-401
vhb-regionalverkehr,402,5-vhb002-402
vhb-regionalverkehr,403,5-vhb002-403
vhb-regionalverkehr,404,5-vhb002-404
vhb-sbg,33,5-rbgsbg-33
vhb-stadtbus-konstanz,1,5-vhb000-1
vhb-stadtbus-konstanz,2,5-vhb000-2
vhb-stadtbus-konstanz,3,5-vhb000-3
vhb-stadtbus-konstanz,4/13,5-vhb000-4/13
vhb-stadtbus-konstanz,5,5-vhb000-4
vhb-stadtbus-konstanz,6,5-vhb000-5
vhb-stadtbus-konstanz,9,5-vhb000-9
vhb-stadtbus-konstanz,11,5-vhb000-6
vhb-stadtbus-konstanz,12,5-vhb000-9
vhb-stadtbus-konstanz,12/3,5-vhb000-12/3
vhb-stadtbus-konstanz,13/4,5-vhb000-13/4
vhb-stadtbus-konstanz,14,5-vhb000-11
vhb-stadtbus-konstanz,15,5-vhb000-12
vhb-stadtbus-konstanz,CS,5-vhb000-12
vhb-stadtbus-konstanz,N,5-vhb000-13
vhb-stadtbus-radolfzell,1,5-vhb004-1
vhb-stadtbus-radolfzell,2,5-vhb004-2
vhb-stadtbus-radolfzell,3,5-vhb004-3
vhb-stadtbus-radolfzell,4,5-vhb004-4
vhb-stadtbus-radolfzell,5,5-vhb004-5
vhb-stadtbus-radolfzell,6,5-vhb004-6
vhb-stadtbus-singen,1,5-vhb003-1
vhb-stadtbus-singen,2,5-vhb003-2
vhb-stadtbus-singen,3,5-vhb003-3
vhb-stadtbus-singen,4,5-vhb003-4
vhb-stadtbus-singen,5,5-vhb003-5
vhb-stadtbus-singen,6,5-vhb003-6
vhb-stadtbus-singen,7,5-vhb003-7
vhb-stadtbus-singen,8,5-vhb003-8
vhb-stadtbus-singen,9,5-vhb003-9
vhb-stadtbus-singen,10,5-vhb003-10
vias,RB10,rb10
vias,RB19,rb19
vias,RB66,rb66
vias,RB85,rb85
vias,RB86,rb86
vias,RB80,rb80
vias,RB81,rb81
vias,RB82,rb82
vlexx,EX,ex
vlexx,RE2,re2
vlexx,RE3,re3
vlexx,RE4,re4
vlexx,RE13,re13
vlexx,RE15,re15
vlexx,RE17,re17
vlexx,RB31,rb31
vlexx,RB33,rb33
vlexx,RB34,rb34
vlexx,RB35,rb35
vlexx,RB44,rb44
vlexx,RB53,rb53
vlexx,RB72,rb72
vlexx,RB73,rb73
vlexx,RB74,rb74
vlexx,RB76,rb76
vms-chemnitzbahn,C11,c11
vms-chemnitzbahn,C13,c13
vms-chemnitzbahn,C14,c14
vms-chemnitzbahn,C15,c15
vms-chemnitzbahn,RB37,rb37
vms-chemnitzbahn,RB92,rb92
vms-svz-bus,10,5-vms010-10
vms-svz-bus,11,5-vms010-11
vms-svz-bus,12,5-vms010-12
vms-svz-bus,13,5-vms010-13
vms-svz-bus,23,5-vms010-23
vms-svz-bus,24,5-vms010-24
vms-svz-bus,25,5-vms010-25
vms-svz-bus,27,5-vms010-27
vms-svz-bus,29,5-vms010-29
vms-svz-bus,31,5-vms010-31
vms-svz-bus,32,5-vms010-32
vms-svz-tram,3,8-vms001-3
vms-svz-tram,4,8-vms001-4
vmt-evag-tram,1,8-rmteva-1
vmt-evag-tram,2,8-rmteva-2
vmt-evag-tram,3,8-rmteva-3
vmt-evag-tram,4,8-rmteva-4
vmt-evag-tram,5,8-rmteva-5
vmt-evag-tram,6,8-rmteva-6
vmt-jena-bus,10,5-rmtjnv-10
vmt-jena-bus,11,5-rmtjnv-11
vmt-jena-bus,12,5-rmtjnv-12
vmt-jena-bus,14,5-rmtjnv-14
vmt-jena-bus,15,5-rmtjnv-15
vmt-jena-bus,16,5-rmtjnv-16
vmt-jena-bus,17,5-rmtjnv-17
vmt-jena-bus,18,5-rmtjnv-18
vmt-jena-bus,28,5-rmtjnv-28
vmt-jena-bus,41,5-rmtjnv-41
vmt-jena-bus,42,5-rmtjnv-42
vmt-jena-bus,43,5-rmtjnv-43
vmt-jena-bus,43A,5-rmtjnv-43a
vmt-jena-bus,44,5-rmtjnv-44
vmt-jena-bus,47,5-rmtjnv-47
vmt-jena-bus,48,5-rmtjnv-48
vmt-jena-tram,1,8-rmtjnv-1
vmt-jena-tram,2,8-rmtjnv-2
vmt-jena-tram,3,8-rmtjnv-3
vmt-jena-tram,4,8-rmtjnv-4
vmt-jena-tram,5,8-rmtjnv-5
vmt-weimar,1,8-rmwswg-1
vmt-weimar,2,8-rmwswg-2
vmt-weimar,3,8-rmwswg-3
vmt-weimar,4,8-rmwswg-4
vmt-weimar,5,8-rmwswg-5
vmt-weimar,6,8-rmwswg-6
vmt-weimar,7,8-rmwswg-7
vmt-weimar,8,8-rmwswg-8
vmt-weimar,9,8-rmwswg-9
vor-oebb,S1,at:vor:s1:
vor-oebb,S2,at:vor:s2:
vor-oebb,S3,at:vor:s3:
vor-oebb,S4,at:vor:s4:
vor-oebb,S7,at:vor:s7:
vor-oebb,S40,at:vor:s40:
vor-oebb,S45,at:vor:s45:
vor-oebb,S50,at:vor:s50:
vor-oebb,S60,at:vor:s60:
vor-oebb,S80,at:vor:s80:
vor-wl,18,8-810009-18
vor-wl,U1,vor-21-u1
vor-wl,U2,vor-21-u2
vor-wl,U3,vor-21-u3
vor-wl,U4,vor-21-u4
vor-wl,U6,vor-21-u6
vos-osnabrueck,10,5-webos1-10
vos-osnabrueck,12,5-web-os-12
vos-osnabrueck,13,5-webvos-13
vos-osnabrueck,14,5-webos1-14
vos-osnabrueck,15,5-webos1-15
vos-osnabrueck,16,5-webos1-16
vos-osnabrueck,17,5-webos1-17
vos-osnabrueck,18,5-webosv-18
vos-osnabrueck,19,5-webosv-19
vos-osnabrueck,20,5-webos1-20
vos-osnabrueck,21,5-webos1-21
vos-osnabrueck,M1,5-webos1-m1
vos-osnabrueck,M2,5-webos1-m2
vos-osnabrueck,M3,5-webos1-m3
vos-osnabrueck,M4,5-webos1-m4
vos-osnabrueck,M5,5-webos1-m5
vpe-binder,736,5-vpebus-736
vpe-binder,737,5-vpebus-737
vpe-binder,738,5-vpebus-738
vpe-binder,739,5-vpebus-739
vpe-db-bus,715,5-vpebus-715
vpe-db-bus,717,5-vpebus-717
vpe-db-bus,741,5-vpebus-741
vpe-db-bus,742,5-vpebus-742
vpe-eberhardt,707,5-vpebus-707
vpe-eberhardt,743,5-vpebus-743
vpe-eberhardt,744,5-vpebus-744
vpe-engel,101,5-vpebus-101
vpe-engel,102,5-vpebus-102
vpe-engel,103,5-vpebus-103
vpe-engel,104,5-vpebus-104
vpe-engel,105,5-vpebus-105
vpe-engel,106,5-vpebus-106
vpe-engel,109,5-vpebus-109
vpe-engel,700,5-vpebus-700
vpe-engel,702,5-vpebus-702
vpe-engel,712,5-vpebus-712
vpe-engel,716,5-vpebus-716
vpe-engel,718,5-vpebus-718
vpe-klingel,663,5-vpebus-663
vpe-klingel,663A,5-vpebus-663a
vpe-klingel,666,5-vpebus-666
vpe-klingel,666A,5-vpebus-666a
vpe-klingel,701,5-vpebus-701
vpe-klingel,703,5-vpebus-703
vpe-klingel,705,5-vpebus-705
vpe-klingel,762,5-vpebus-762
vpe-klingel,763,5-vpebus-763
vpe-mueller,720,5-vpebus-720
vpe-mueller,721,5-vpebus-721
vpe-pforzheim,1,5-vpebus-1
vpe-pforzheim,2,5-vpebus-2
vpe-pforzheim,3,5-vpebus-3
vpe-pforzheim,4,5-vpebus-4
vpe-pforzheim,5,5-vpebus-5
vpe-pforzheim,6,5-vpebus-6
vpe-pforzheim,7,5-vpebus-7
vpe-pforzheim,9,5-vpebus-9
vpe-pforzheim,10,5-vpebus-10
vpe-pforzheim,11,5-vpebus-11
vpe-pforzheim,16,5-vpebus-16
vpe-pforzheim,17,5-vpebus-17
vpe-seitter,652,5-vpebus-652
vpe-seitter,653,5-vpebus-653
vpe-seitter,653A,5-vpebus-653a
vpe-seitter,660,5-vpebus-660
vpe-sweg,731,5-vpebus-731
vpe-sweg,733,5-vpebus-733
vpe-willi-maisch,722,5-vpebus-722
vpe-willi-maisch,724,5-vpebus-724
vpe-willi-maisch,725,5-vpebus-725
vpe-woehrle,706,5-vpebus-706
vpe-woehrle,734,5-vpebus-734
vpe-woehrle,735,5-vpebus-735
vr,A,4-10-a
vr,D,4-10-d
vr,E,4-10-e
vr,G,4-10-g
vr,H,4-10-h
vr,I,4-10-i
vr,K,4-10-k
vr,L,4-10-l
vr,M,4-10-m
vr,O,4-10-o
vr,P,4-10-p
vr,R,4-10-r
vr,T,4-10-t
vr,U,4-10-u
vr,Y,4-10-y
vr,Z,4-10-z
vrb-bsvg,1,5-webbvb-1
vrb-bsvg,1E,5-webbvb-1e
vrb-bsvg,10,5-webbvb-10
vrb-bsvg,2,5-webbvb-2
vrb-bsvg,2E,5-webbvb-2e
vrb-bsvg,3,5-webbvb-3
vrb-bsvg,3E,5-webbvb-3e
vrb-bsvg,4,5-webbvb-4
vrb-bsvg,4E,5-webbvb-4e
vrb-bsvg,5,5-webbvb-5
vrb-bsvg,5E,5-webbvb-5e
vrb-bsvg,411,5-webbvb-411
vrb-bsvg,412,5-webbvb-412
vrb-bsvg,413,5-webbvb-413
vrb-bsvg,414,5-webbvb-414
vrb-bsvg,416,5-webbvb-416
vrb-bsvg,417,5-webbvb-417
vrb-bsvg,418,5-webbvb-418
vrb-bsvg,419,5-webbvb-419
vrb-bsvg,420,5-webbvb-420
vrb-bsvg,421,5-webbvb-421
vrb-bsvg,422,5-webbvb-422
vrb-bsvg,423,5-webbvb-423
vrb-bsvg,424,5-webbvb-424
vrb-bsvg,426,5-webbvb-426
vrb-bsvg,427,5-webbvb-427
vrb-bsvg,430,5-webbvb-430
vrb-bsvg,431,5-webbvb-431
vrb-bsvg,433,5-webbvb-433
vrb-bsvg,434,5-webbvb-434
vrb-bsvg,435,5-webbvb-435
vrb-bsvg,436,5-webbvb-436
vrb-bsvg,437,5-webbvb-437
vrb-bsvg,445,5-webbvb-445
vrb-bsvg,450,5-webbvb-450
vrb-bsvg,454,5-webbvb-454
vrb-bsvg,455,5-webbvb-455
vrb-bsvg,464,5-webbvb-464
vrb-bsvg,465,5-webbvb-465
vrb-bsvg,466,5-webbvb-466
vrb-bsvg,471,5-webbvb-471
vrb-bsvg,480,5-webbvb-480
vrb-bsvg,481,5-webbvb-481
vrb-bsvg,482,5-webbvb-482
vrb-harzbus,650,5-webhar-650
vrb-harzbus,655,5-webhar-655
vrb-harzbus,810,5-webhar-810
vrb-harzbus,821,5-webhar-821
vrb-harzbus,822,5-webhar-822
vrb-harzbus,830,5-webhar-830
vrb-harzbus,831,5-webhar-831
vrb-harzbus,832,5-webhar-832
vrb-harzbus,833,5-webhar-833
vrb-harzbus,834,5-webhar-834
vrb-harzbus,836,5-webhar-836
vrb-harzbus,840,5-webhar-840
vrb-harzbus,841,5-webhar-841
vrb-harzbus,850,5-webhar-850
vrb-harzbus,851,5-webhar-851
vrb-harzbus,852,5-webhar-852
vrb-harzbus,860,5-webhar-860
vrb-harzbus,861,5-webhar-861
vrb-kvg,360,5-webszg-360
vrb-kvg,370,5-webszg-370
vrb-kvg,371,5-webszg-371
vrb-kvg,372,5-webszg-372
vrb-kvg,380,5-webszg-380
vrb-kvg,381,5-webszg-381
vrb-kvg,382,5-webszg-382
vrb-kvg,383,5-webszg-383
vrb-kvg,384,5-webszg-384
vrb-kvg,385,5-webszg-385
vrb-kvg,386,5-webszg-386
vrb-kvg,387,5-webszg-387
vrb-kvg,388,5-webszg-388
vrb-kvg,390,5-webszg-390
vrb-kvg,391,5-webszg-391
vrb-kvg,392,5-webszg-392
vrb-kvg,393,5-webszg-393
vrb-kvg,394,5-webszg-394
vrb-kvg,395,5-webszg-395
vrb-kvg,396,5-webszg-396
vrb-kvg,397,5-webszg-397
vrb-kvg,398,5-webszg-398
vrb-kvg,399,5-webszg-399
vrb-kvg,601,5-webszg-601
vrb-kvg,602,5-webszg-602
vrb-kvg,603,5-webszg-603
vrb-kvg,604,5-webszg-604
vrb-kvg,606,5-webszg-606
vrb-kvg,607,5-webszg-607
vrb-kvg,608,5-webszg-608
vrb-kvg,609,5-webszg-609
vrb-kvg,610,5-webszg-610
vrb-kvg,611,5-webszg-611
vrb-kvg,612,5-webszg-612
vrb-kvg,613,5-webszg-613
vrb-kvg,614,5-webszg-614
vrb-kvg,615,5-webszg-615
vrb-kvg,616,5-webszg-616
vrb-kvg,618,5-webszg-618
vrb-kvg,619,5-webszg-619
vrb-kvg,620,5-webszg-620
vrb-kvg,621,5-webszg-621
vrb-kvg,626,5-webszg-626
vrb-kvg,627,5-webszg-627
vrb-kvg,628,5-webszg-628
vrb-kvg,630,5-webszg-630
vrb-kvg,640,5-webszg-640
vrb-kvg,710,5-webszg-710
vrb-kvg,740,5-webszg-740
vrb-kvg,750,5-webszg-750
vrb-kvg,790,5-webszg-790
vrb-kvg,791,5-webszg-791
vrb-kvg,792,5-webszg-792
vrb-kvg,793,5-webszg-793
vrb-kvg,794,5-webszg-794
vrb-kvg,795,5-webszg-795
vrb-kvg,796,5-webszg-796
vrb-kvg,797,5-webszg-797
vrb-kvg,799,5-webszg-799
vrb-kvg,820,5-webszg-820
vrb-kvg,871,5-webszg-871
vrb-kvg,873,5-webszg-873
vrb-kvg,874,5-webszg-874
vrb-kvg,875,5-webszg-875
vrb-kvg,879,5-webszg-879
vrb-rbs,730,5-webvgw-730
vrb-rbs,731,5-webvgw-731
vrb-rbs,740,5-webvgw-740
vrb-sbgs,801,5-webgos-801
vrb-sbgs,802,5-webgos-802
vrb-sbgs,803,5-webgos-803
vrb-sbgs,804,5-webgos-804
vrb-sbgs,805,5-webgos-805
vrb-sbgs,806,5-webgos-806
vrb-vb,151,5-webvbb-151
vrb-vb,153,5-webvbb-153
vrb-vb,160,5-webvbb-160
vrb-vb,161,5-webvbb-161
vrb-vb,162,5-webvbb-162
vrb-vb,163,5-webvbb-163
vrb-vb,165,5-webvbb-165
vrb-vb,335,5-webvbb-335
vrb-vb,650,5-webvbb-650
vrb-vb,656,5-webvbb-656
vrb-vb,658,5-webvbb-658
vrb-vb,660,5-webvbb-660
vrb-vb,750,5-webvbb-750
vrb-vb,751,5-webvbb-751
vrb-vb,752,5-webvbb-752
vrb-vb,753,5-webvbb-753
vrb-vb,754,5-webvbb-754
vrb-vb,755,5-webvbb-755
vrb-vb,756,5-webvbb-756
vrb-vb,757,5-webvbb-757
vrb-vlg,100,5-webvlg-100
vrb-vlg,101,5-webvlg-101
vrb-vlg,102,5-webvlg-102
vrb-vlg,103,5-webvlg-103
vrb-vlg,105,5-webvlg-105
vrb-vlg,108,5-webvlg-108
vrb-vlg,111,5-webvlg-111
vrb-vlg,140,5-webvlg-140
vrb-vlg,141,5-webvlg-141
vrb-vlg,164,5-webvlg-164
vrb-vlg,170,5-webvlg-170
vrb-vlg,175,5-webvlg-175
vrb-vlg,191,5-webvlg-191
vrb-wvg,201,5-webwob-201
vrb-wvg,202,5-webwob-202
vrb-wvg,203,5-webwob-203
vrb-wvg,204,5-webwob-204
vrb-wvg,211,5-webwob-211
vrb-wvg,212,5-webwob-212
vrb-wvg,213,5-webwob-213
vrb-wvg,215,5-webwob-215
vrb-wvg,216,5-webwob-216
vrb-wvg,218,5-webwob-218
vrb-wvg,221,5-webwob-221
vrb-wvg,222,5-webwob-222
vrb-wvg,223,5-webwob-223
vrb-wvg,224,5-webwob-224
vrb-wvg,225,5-webwob-225
vrb-wvg,226,5-webwob-226
vrb-wvg,227,5-webwob-227
vrb-wvg,230,5-webwob-230
vrn-behles,420,5-vrn034-420
vrn-behles,421,5-vrn034-421
vrn-behles,424,5-vrn034-424
vrn-behles,426,5-vrn034-426
vrn-behles,427,5-vrn034-427
vrn-behles,428,5-vrn034-428
vrn-behles,428A,5-vrn034-428A
vrn-behles,429,5-vrn034-429
vrn-behles,430,5-vrn034-430
vrn-behles,431,5-vrn034-431
vrn-behles,432,5-vrn034-432
vrn-behles,433,5-vrn034-433
vrn-behles,434,5-vrn034-434
vrn-behles,435,5-vrn034-435
vrn-behles,436,5-vrn034-436
vrn-behles,437,5-vrn034-437
vrn-behles,438,5-vrn034-438
vrn-behles,439,5-vrn034-439
vrn-behles,451,5-vrn034-451
vrn-behles,452,5-vrn034-452
vrn-behles,453,5-vrn034-453
vrn-behles,454,5-vrn034-454
vrn-behles,455,5-vrn034-455
vrn-behles,456,5-vrn034-456
vrn-behles,457,5-vrn034-457
vrn-behles,460,5-vrn034-460
vrn-behles,461,5-vrn034-461
vrn-behles,471,5-vrn034-471
vrn-behles,472,5-vrn034-472
vrn-behles,473,5-vrn034-473
vrn-behles,474,5-vrn034-474
vrn-behles,601,5-vrn034-601
vrn-behles,602,5-vrn034-602
vrn-behles,603,5-vrn034-603
vrn-behles,604,5-vrn034-604
vrn-behles,605,5-vrn034-605
vrn-berberich-wallduern,846,5-rbgbrn-605
vrn-berberich-wallduern,849,5-rbgbrn-605
vrn-brn,130,5-rbgbrn-6055-rbgbrn-6055-rbprpb-6055
vrn-brn,131,5-rbgbrn-6055-rbgbrn-6055-rbprpb-6055
vrn-brn,132,5-rbprpb-132
vrn-brn,133,5-rbprpb-133
vrn-brn,134,5-rbprpb-134
vrn-brn,135,5-rbprpb-135
vrn-brn,136,5-rbprpb-136
vrn-brn,137,5-rbprpb-137
vrn-brn,266,5-rbprpb-266
vrn-brn,267,5-rbprpb-267
vrn-brn,268,5-rbprpb-268
vrn-brn,269,5-rbprpb-269
vrn-brn,270,5-rbprpb-270
vrn-brn,271,5-rbprpb-271
vrn-brn,272,5-rbprpb-272
vrn-brn,273,5-rbprpb-273
vrn-brn,274,5-rbprpb-274
vrn-brn,275,5-rbprpb-275
vrn-brn,276,5-rbprpb-276
vrn-brn,277,5-rbprpb-277
vrn-brn,280,5-rbprpb-280
vrn-brn,281,5-rbprpb-281
vrn-brn,282,5-rbprpb-282
vrn-brn,283,5-rbprpb-283
vrn-brn,285,5-rbprpb-285
vrn-brn,286,5-rbprpb-286
vrn-brn,287,5-rbprpb-287
vrn-brn,288,5-rbprpb-288
vrn-brn,289,5-rbprpb-289
vrn-brn,292,5-rbprpb-292
vrn-brn,293,5-rbprpb-293
vrn-brn,296,5-rbprpb-296
vrn-brn,297,5-rbprpb-297
vrn-brn,482,5-rbprpb-482
vrn-brn,483,5-rbprpb-483
vrn-brn,484,5-rbprpb-484
vrn-brn,546,5-rbprpb-546
vrn-brn,547,5-rbprpb-547
vrn-brn,548,5-rbprpb-548
vrn-brn,549,5-rbprpb-549
vrn-brn,561,5-rbprpb-561
vrn-brn,562,5-rbprpb-562
vrn-brn,563,5-rbprpb-563
vrn-brn,564,5-rbprpb-564
vrn-brn,565,5-rbprpb-565
vrn-brn,566,5-rbprpb-566
vrn-brn,567,5-rbprpb-567
vrn-brn,568,5-rbprpb-568
vrn-brn,569,5-rbprpb-569
vrn-brn,570,5-rbprpb-570
vrn-brn,571,5-rbprpb-571
vrn-brn,572,5-rbprpb-572
vrn-brn,573,5-rbprpb-573
vrn-brn,574,5-rbprpb-574
vrn-brn,575,5-rbprpb-575
vrn-brn,580,5-rbprpb-580
vrn-brn,581,5-rbprpb-581
vrn-brn,582,5-rbprpb-582
vrn-brn,583,5-rbprpb-583
vrn-brn,584,5-rbprpb-584
vrn-brn,585,5-rbprpb-585
vrn-brn,586,5-rbprpb-586
vrn-brn,587,5-rbprpb-587
vrn-brn,593,5-rbprpb-593
vrn-brn,594,5-rbprpb-594
vrn-brn,598,5-rbprpb-598
vrn-brn,624,5-rbprpb-624
vrn-brn,625,5-rbprpb-625
vrn-brn,626,5-rbprpb-626
vrn-brn,627,5-rbprpb-627
vrn-brn,628,5-rbprpb-628
vrn-brn,629,5-rbprpb-629
vrn-brn,630,5-rbprpb-630
vrn-brn,631,5-rbprpb-631
vrn-brn,632,5-rbprpb-632
vrn-brn,632A,5-rbprpb-632A
vrn-brn,633,5-rbprpb-633
vrn-brn,634,5-rbprpb-634
vrn-brn,635,5-rbprpb-635
vrn-brn,636,5-rbprpb-636
vrn-brn,660,5-rbprpb-660
vrn-brn,661,5-rbprpb-661
vrn-brn,662,5-rbprpb-662
vrn-brn,663,5-rbprpb-663
vrn-brn,689,5-rbprpb-689
vrn-brn,697,5-rbprpb-697
vrn-brn,698,5-rbprpb-698
vrn-brn,710,5-rbprpb-710
vrn-brn,711,5-rbprpb-711
vrn-brn,715,5-rbprpb-715
vrn-brn,716,5-rbprpb-716
vrn-brn,717,5-rbprpb-717
vrn-brn,719,5-rbprpb-719
vrn-brn,720,5-rbprpb-720
vrn-brn,721,5-rbprpb-721
vrn-brn,722,5-rbprpb-722
vrn-brn,723,5-rbprpb-723
vrn-brn,724,5-rbprpb-724
vrn-brn,725,5-rbprpb-725
vrn-brn,726,5-rbprpb-726
vrn-brn,732,5-rbprpb-732
vrn-brn,735,5-rbprpb-735
vrn-brn,736,5-rbprpb-736
vrn-brn,737,5-rbprpb-737
vrn-brn,743,5-rbprpb-743
vrn-brn,744,5-rbprpb-744
vrn-brn,745,5-rbprpb-745
vrn-brn,746,5-rbprpb-746
vrn-brn,748,5-rbprpb-748
vrn-brn,749,5-rbprpb-749
vrn-brn,751,5-rbprpb-751
vrn-brn,752,5-rbprpb-752
vrn-brn,753,5-rbprpb-753
vrn-brn,754,5-rbprpb-754
vrn-brn,755,5-rbprpb-755
vrn-brn,757,5-rbprpb-757
vrn-brn,758,5-rbprpb-758
vrn-brn,817,5-rbprpb-817
vrn-brn,821,5-rbprpb-821
vrn-brn,822,5-rbprpb-822
vrn-brn,823,5-rbprpb-823
vrn-brn,824,5-rbprpb-824
vrn-brn,828,5-rbprpb-828
vrn-brn,830,5-rbprpb-830
vrn-brn,831,5-rbprpb-831
vrn-brn,832,5-rbprpb-832
vrn-brn,833,5-rbprpb-833
vrn-brn,834,5-rbprpb-834
vrn-brn,835,5-rbprpb-835
vrn-brn,836,5-rbprpb-836
vrn-brn,837,5-rbprpb-837
vrn-brn,838,5-rbprpb-838
vrn-brn,840,5-rbprpb-840
vrn-brn,841,5-rbprpb-841
vrn-brn,842,5-rbprpb-842
vrn-brn,843,5-rbprpb-843
vrn-brn,844,5-rbprpb-844
vrn-brn,845,5-rbprpb-845
vrn-brn,899,5-rbprpb-899
vrn-brn,999,5-rbprpb-999
vrn-duerk-reisen,462,5-vrn059-462
vrn-duerk-reisen,463,5-vrn059-463
vrn-duerk-reisen,464,5-vrn059-464
vrn-duerk-reisen,465,5-vrn059-465
vrn-duerk-reisen,466,5-vrn059-466
vrn-duerk-reisen,467,5-vrn059-467
vrn-duerk-reisen,468,5-vrn059-468
vrn-duerk-reisen,469,5-vrn059-469
vrn-hetzler-pfadt,550,5-vrn028-550
vrn-hetzler-pfadt,552,5-vrn028-552
vrn-hetzler-pfadt,553,5-vrn028-553
vrn-hetzler-pfadt,554,5-vrn028-554
vrn-hetzler-pfadt,555,5-vrn028-555
vrn-hetzler-pfadt,556,5-rbprpb-556
vrn-hetzler-pfadt,557,5-rbprpb-557
vrn-hetzler-pfadt,558,5-rbprpb-558
vrn-hetzler-pfadt,559,5-rbprpb-559
vrn-hetzler-pfadt,595,5-vrn028-595
vrn-hetzler-pfadt,596,5-rbprpb-596
vrn-krauss-wolff,900,5-vrn080-900
vrn-krauss-wolff,901,5-vrn080-901
vrn-krauss-wolff,902,5-vrn080-902
vrn-krauss-wolff,903,5-vrn080-903
vrn-krauss-wolff,904,5-vrn080-904
vrn-krauss-wolff,905,5-vrn080-905
vrn-krauss-wolff,906,5-vrn080-906
vrn-krauss-wolff,907,5-vrn080-907
vrn-krauss-wolff,908,5-vrn080-908
vrn-krauss-wolff,911,5-vrn080-911
vrn-krauss-wolff,912,5-vrn080-912
vrn-krauss-wolff,913,5-vrn080-913
vrn-krauss-wolff,914,5-vrn080-914
vrn-krauss-wolff,915,5-vrn080-915
vrn-krauss-wolff,917,5-vrn080-917
vrn-krauss-wolff,918,5-vrn080-918
vrn-krauss-wolff,920,5-vrn080-920
vrn-krauss-wolff,921,5-vrn080-921
vrn-krauss-wolff,922,5-vrn080-922
vrn-krauss-wolff,924,5-vrn080-924
vrn-krauss-wolff,925,5-vrn080-925
vrn-krauss-wolff,926,5-vrn080-926
vrn-krauss-wolff,927,5-vrn080-927
vrn-krauss-wolff,928,5-vrn080-928
vrn-krauss-wolff,929,5-vrn080-929
vrn-mittelhaardt,502,5-vrn022-502
vrn-mittelhaardt,508,5-vrn022-508
vrn-mittelhaardt,514,5-vrn022-514
vrn-mittelhaardt,515,5-vrn022-515
vrn-palatinabus,500,5-vrn032-507
vrn-palatinabus,501,5-vrn032-507
vrn-palatinabus,503,5-vrn032-507
vrn-palatinabus,504,5-vrn032-507
vrn-palatinabus,505,5-vrn032-507
vrn-palatinabus,506,5-vrn032-507
vrn-palatinabus,507,5-vrn032-507
vrn-palatinabus,510,5-vrn032-507
vrn-palatinabus,511,5-vrn032-507
vrn-palatinabus,512,5-vrn032-507
vrn-palatinabus,517,5-vrn032-507
vrn-palatinabus,591,5-vrn032-507
vrn-palatinabus,782,5-vrn032-507
vrn-palatinabus,795,5-vrn032-507
vrn-palatinabus,796,5-vrn032-507
vrn-palatinabus,797,5-vrn032-507
vrn-paul-knuehl,848,5-vrn045-507
vrn-qnv,160,5-vrn050-160
vrn-qnv,161,5-vrn050-161
vrn-qnv,170,5-vrn050-170
vrn-qnv,171,5-vrn050-171
vrn-qnv,172,5-vrn050-172
vrn-qnv,173,5-vrn050-173
vrn-qnv,174,5-vrn050-174
vrn-qnv,175,5-vrn050-175
vrn-qnv,180,5-vrn050-180
vrn-qnv,242,5-vrn050-242
vrn-qnv,243,5-vrn050-243
vrn-qnv,244,5-vrn050-244
vrn-qnv,245,5-vrn050-245
vrn-qnv,246,5-vrn050-246
vrn-qnv,248,5-vrn050-248
vrn-qnv,249,5-vrn050-249
vrn-qnv,250,5-vrn050-250
vrn-qnv,251,5-vrn050-251
vrn-qnv,252,5-vrn050-252
vrn-qnv,255,5-vrn050-255
vrn-qnv,256,5-vrn050-256
vrn-qnv,258,5-vrn050-258
vrn-qnv,259,5-vrn050-259
vrn-qnv,520,5-vrn050-520
vrn-qnv,521,5-vrn050-521
vrn-qnv,522,5-vrn050-522
vrn-qnv,523,5-vrn050-523
vrn-qnv,524,5-vrn050-524
vrn-qnv,525,5-vrn050-525
vrn-qnv,526,5-vrn050-526
vrn-qnv,527,5-vrn050-527
vrn-qnv,530,5-vrn050-530
vrn-qnv,531,5-vrn050-531
vrn-qnv,532,5-vrn050-532
vrn-qnv,534,5-vrn050-534
vrn-qnv,535,5-vrn050-535
vrn-qnv,537,5-vrn050-537
vrn-qnv,538,5-vrn050-538
vrn-qnv,539,5-vrn050-539
vrn-qnv,540,5-vrn050-540
vrn-qnv,541,5-vrn050-541
vrn-qnv,543,5-vrn050-543
vrn-qnv,544,5-vrn050-544
vrn-qnv,545,5-vrn050-545
vrn-qnv,590,5-vrn050-590
vrn-qnv,599,5-vrn050-599
vrn-regionalbus-westpfalz,138,5-vrn051-138
vrn-regionalbus-westpfalz,139,5-vrn051-139
vrn-regionalbus-westpfalz,140,5-vrn051-140
vrn-regionalbus-westpfalz,141,5-vrn051-141
vrn-regionalbus-westpfalz,142,5-vrn051-142
vrn-regionalbus-westpfalz,143,5-vrn051-143
vrn-regionalbus-westpfalz,144,5-vrn051-144
vrn-regionalbus-westpfalz,145,5-vrn051-145
vrn-regionalbus-westpfalz,147,5-vrn051-147
vrn-regionalbus-westpfalz,148,5-vrn051-148
vrn-regionalbus-westpfalz,149,5-vrn051-149
vrn-regionalbus-westpfalz,150,5-vrn051-150
vrn-regionalbus-westpfalz,153,5-vrn051-153
vrn-regionalbus-zweibruecken,231,5-vrn031-231
vrn-regionalbus-zweibruecken,232,5-vrn031-232
vrn-regionalbus-zweibruecken,233,5-vrn031-233
vrn-regionalbus-zweibruecken,234,5-vrn031-234
vrn-regionalbus-zweibruecken,235,5-vrn031-235
vrn-regionalbus-zweibruecken,236,5-vrn031-236
vrn-regionalbus-zweibruecken,237,5-vrn031-237
vrn-regionalbus-zweibruecken,238,5-vrn031-238
vrn-regionalbus-zweibruecken,240,5-vrn031-240
vrn-rheinfahre-altrip,98,6-vrn016-99
vrn-rnv-bus,RNV 5,8-vrnoeg-rnv5
vrn-rnv-bus,RNV 20,5-vrn019-20
vrn-rnv-bus,RNV 20A,5-vrn019-20A
vrn-rnv-bus,RNV 27,5-vrn019-27
vrn-rnv-bus,RNV 28,5-vrn019-28
vrn-rnv-bus,RNV 28A,5-vrn019-28A
vrn-rnv-bus,RNV 29,5-vrn019-29
vrn-rnv-bus,RNV 30,5-vrn019-30
vrn-rnv-bus,RNV 31,5-vrn019-31
vrn-rnv-bus,RNV 32,5-vrn019-32
vrn-rnv-bus,RNV 33,5-vrn019-33
vrn-rnv-bus,RNV 34,5-vrn019-34
vrn-rnv-bus,RNV 35,5-vrn019-35
vrn-rnv-bus,RNV 36,5-vrn019-36
vrn-rnv-bus,RNV 36A,5-vrn019-36A
vrn-rnv-bus,RNV 37,5-vrn019-37
vrn-rnv-bus,RNV 38,5-vrn019-38
vrn-rnv-bus,RNV 39,5-vrn019-39
vrn-rnv-bus,RNV 39A,5-vrn019-39a
vrn-rnv-bus,RNV 40,5-vrn019-40
vrn-rnv-bus,RNV 41,5-vrn019-41
vrn-rnv-bus,RNV 42,5-vrn019-42
vrn-rnv-bus,RNV 43,5-vrn019-43
vrn-rnv-bus,RNV 44,5-vrn019-44
vrn-rnv-bus,RNV 45,5-vrn019-45
vrn-rnv-bus,RNV 46,5-vrn019-46
vrn-rnv-bus,RNV 47,5-vrn019-47
vrn-rnv-bus,RNV 48,5-vrn019-48
vrn-rnv-bus,RNV 49,5-vrn019-49
vrn-rnv-bus,RNV 50,5-vrn019-50
vrn-rnv-bus,RNV 51,5-vrn019-51
vrn-rnv-bus,RNV 52,5-vrn019-52
vrn-rnv-bus,RNV 53,5-vrn019-53
vrn-rnv-bus,RNV 54,5-vrn019-54
vrn-rnv-bus,RNV 55,5-vrn019-55
vrn-rnv-bus,RNV 56,5-vrn019-56
vrn-rnv-bus,RNV 57,5-vrn019-57
vrn-rnv-bus,RNV 58,5-vrn019-58
vrn-rnv-bus,RNV 59,5-vrn019-59
vrn-rnv-bus,RNV 60,5-vrn019-60
vrn-rnv-bus,RNV 61,5-vrn019-61
vrn-rnv-bus,RNV 62,5-vrn019-62
vrn-rnv-bus,RNV 63,5-vrn019-63
vrn-rnv-bus,RNV 64,5-vrn019-64
vrn-rnv-bus,RNV 65,5-vrn019-65
vrn-rnv-bus,RNV 66,5-vrn019-66
vrn-rnv-bus,RNV 67,5-vrn019-67
vrn-rnv-tram,RNV 1,8-vrnoeg-1
vrn-rnv-tram,RNV 2,8-vrnoeg-2
vrn-rnv-tram,RNV 3,8-vrnoeg-3
vrn-rnv-tram,RNV 4,8-vrnoeg-4
vrn-rnv-tram,RNV 4A,8-vrnoeg-4A
vrn-rnv-tram,RNV 5,8-vrnoeg-5
vrn-rnv-tram,RNV 5A,8-vrnoeg-5A
vrn-rnv-tram,RNV 6,8-vrnoeg-6
vrn-rnv-tram,RNV 6A,8-vrnoeg-6A
vrn-rnv-tram,RNV 6E,8-vrnoeg-6E
vrn-rnv-tram,RNV 7,8-vrnoeg-7
vrn-rnv-tram,RNV 8,8-vrnoeg-8
vrn-rnv-tram,RNV 9,8-vrnoeg-9
vrn-rnv-tram,RNV 10,8-vrnoeg-10
vrn-rnv-tram,RNV 12,8-vrnoeg-12
vrn-rnv-tram,RNV 15,8-vrnoeg-15
vrn-rnv-tram,RNV 16,8-vrnoeg-16
vrn-rnv-tram,RNV 21,8-vrnoeg-21
vrn-rnv-tram,RNV 22,8-vrnoeg-22
vrn-rnv-tram,RNV 23,8-vrnoeg-23
vrn-rnv-tram,RNV 24,8-vrnoeg-24
vrn-rnv-tram,RNV 25,8-vrnoeg-25
vrn-rnv-tram,RNV 26,8-vrnoeg-26
vrn-rnv-tram,RNV X,8-vrnoeg-X
vrn-ruftaxi,141,3-vrn062-141
vrn-ruftaxi,1084,3-vrn062-1084
vrn-ruftaxi,1556,3-vrn062-1556
vrn-ruftaxi,1557,3-vrn062-1557
vrn-ruftaxi,1571,3-vrn062-1571
vrn-ruftaxi,2130,3-vrn062-2130
vrn-ruftaxi,2133,3-vrn062-2133
vrn-ruftaxi,2134,3-vrn062-2134
vrn-ruftaxi,2135,3-vrn062-2135
vrn-ruftaxi,2137,3-vrn062-2137
vrn-ruftaxi,2138,3-vrn062-2138
vrn-ruftaxi,2142,3-vrn062-2142
vrn-ruftaxi,2147,3-vrn062-2147
vrn-ruftaxi,2153,3-vrn062-2153
vrn-ruftaxi,2160,3-vrn062-2160
vrn-ruftaxi,2161,3-vrn062-2161
vrn-ruftaxi,2170,3-vrn062-2170
vrn-ruftaxi,2172,3-vrn062-2172
vrn-ruftaxi,2551,3-vrn062-2551
vrn-ruftaxi,2552,3-vrn062-2552
vrn-ruftaxi,2553,3-vrn062-2553
vrn-ruftaxi,2555,3-vrn062-2555
vrn-ruftaxi,2556,3-vrn062-2556
vrn-ruftaxi,2561,3-vrn062-2561
vrn-ruftaxi,2562,3-vrn062-2562
vrn-ruftaxi,2563,3-vrn062-2563
vrn-ruftaxi,2571,3-vrn062-2571
vrn-ruftaxi,2575,3-vrn062-2575
vrn-ruftaxi,2576,3-vrn062-2576
vrn-ruftaxi,2577,3-vrn062-2577
vrn-ruftaxi,2581,3-vrn062-2581
vrn-ruftaxi,2582,3-vrn062-2582
vrn-ruftaxi,2585,3-vrn062-2585
vrn-ruftaxi,2586,3-vrn062-2586
vrn-ruftaxi,2590,3-vrn062-2590
vrn-ruftaxi,2591,3-vrn062-2591
vrn-ruftaxi,2592,3-vrn062-2592
vrn-ruftaxi,2593,3-vrn062-2593
vrn-ruftaxi,2594,3-vrn062-2594
vrn-ruftaxi,2595,3-vrn062-2595
vrn-ruftaxi,2596,3-vrn062-2596
vrn-ruftaxi,2953,3-vrn062-2953
vrn-ruftaxi,2960,3-vrn062-2960
vrn-ruftaxi,2965,3-vrn062-2965
vrn-ruftaxi,2966,3-vrn062-2966
vrn-ruftaxi,2967,3-vrn062-2967
vrn-ruftaxi,2968,3-vrn062-2968
vrn-ruftaxi,2969,3-vrn062-2969
vrn-ruftaxi,2970,3-vrn062-2970
vrn-ruftaxi,2972,3-vrn062-2972
vrn-ruftaxi,2973,3-vrn062-2973
vrn-ruftaxi,2974,3-vrn062-2974
vrn-ruftaxi,2975,3-vrn062-2975
vrn-ruftaxi,2977,3-vrn062-2977
vrn-ruftaxi,2978,3-vrn062-2978
vrn-ruftaxi,2979,3-vrn062-2979
vrn-ruftaxi,2982,3-vrn062-2982
vrn-ruftaxi,2983,3-vrn062-2983
vrn-ruftaxi,2985,3-vrn062-2985
vrn-ruftaxi,2989,3-vrn062-2989
vrn-ruftaxi,2990,3-vrn062-2990
vrn-ruftaxi,2992,3-vrn062-2992
vrn-ruftaxi,2993,3-vrn062-2993
vrn-ruftaxi,2996,3-vrn062-2996
vrn-ruftaxi,2997,3-vrn062-2997
vrn-ruftaxi,4910,3-vrn062-4910
vrn-ruftaxi,4911,3-vrn062-4911
vrn-ruftaxi,4912,3-vrn062-4912
vrn-ruftaxi,4913,3-vrn062-4913
vrn-ruftaxi,4914,3-vrn062-4914
vrn-ruftaxi,4915,3-vrn062-4915
vrn-ruftaxi,4916,3-vrn062-4916
vrn-ruftaxi,4917,3-vrn062-4917
vrn-ruftaxi,4918,3-vrn062-4918
vrn-ruftaxi,4920,3-vrn062-4920
vrn-ruftaxi,4921,3-vrn062-4921
vrn-ruftaxi,4922,3-vrn062-4922
vrn-ruftaxi,4923,3-vrn062-4923
vrn-ruftaxi,4924,3-vrn062-4924
vrn-ruftaxi,4925,3-vrn062-4925
vrn-ruftaxi,4927,3-vrn062-4927
vrn-ruftaxi,4928,3-vrn062-4928
vrn-ruftaxi,4958,3-vrn062-4958
vrn-ruftaxi,4959,3-vrn062-4959
vrn-ruftaxi,4961,3-vrn062-4961
vrn-ruftaxi,4964,3-vrn062-4964
vrn-ruftaxi,4965,3-vrn062-4965
vrn-ruftaxi,4966,3-vrn062-4966
vrn-ruftaxi,4967,3-vrn062-4967
vrn-ruftaxi,4968,3-vrn062-4968
vrn-ruftaxi,4969,3-vrn062-4969
vrn-ruftaxi,4970,3-vrn062-4970
vrn-ruftaxi,4971,3-vrn062-4971
vrn-ruftaxi,4972,3-vrn062-4972
vrn-ruftaxi,4973,3-vrn062-4973
vrn-ruftaxi,4980,3-vrn062-4980
vrn-ruftaxi,4987,3-vrn062-4987
vrn-ruftaxi,4988,3-vrn062-4988
vrn-ruftaxi,4998,3-vrn062-4998
vrn-ruftaxi,5911,3-vrn062-5911
vrn-ruftaxi,5915,3-vrn062-5915
vrn-ruftaxi,5916,3-vrn062-5916
vrn-ruftaxi,5930,3-vrn062-5930
vrn-ruftaxi,5931,3-vrn062-5931
vrn-ruftaxi,5932,3-vrn062-5932
vrn-ruftaxi,5933,3-vrn062-5933
vrn-ruftaxi,5934,3-vrn062-5934
vrn-ruftaxi,5940,3-vrn062-5940
vrn-ruftaxi,5946,3-vrn062-5946
vrn-ruftaxi,5971,3-vrn062-5971
vrn-ruftaxi,5972,3-vrn062-5972
vrn-ruftaxi,5974,3-vrn062-5974
vrn-ruftaxi,5978,3-vrn062-5978
vrn-ruftaxi,5979,3-vrn062-5979
vrn-ruftaxi,5980,3-vrn062-5980
vrn-ruftaxi,6900,3-vrn062-6900
vrn-ruftaxi,6901,3-vrn062-6901
vrn-ruftaxi,6902,3-vrn062-6902
vrn-ruftaxi,6903,3-vrn062-6903
vrn-ruftaxi,6904,3-vrn062-6904
vrn-ruftaxi,6913,3-vrn062-6913
vrn-ruftaxi,6914,3-vrn062-6914
vrn-ruftaxi,6926,3-vrn062-6926
vrn-ruftaxi,6927,3-vrn062-6927
vrn-ruftaxi,6928,3-vrn062-6928
vrn-ruftaxi,6940,3-vrn062-6940
vrn-ruftaxi,6948,3-vrn062-6948
vrn-ruftaxi,6961,3-vrn062-6961
vrn-ruftaxi,6962,3-vrn062-6962
vrn-ruftaxi,6963,3-vrn062-6963
vrn-ruftaxi,6967,3-vrn062-6967
vrn-ruftaxi,6968,3-vrn062-6968
vrn-ruftaxi,6971,3-vrn062-6971
vrn-ruftaxi,6972,3-vrn062-6972
vrn-ruftaxi,6973,3-vrn062-6973
vrn-ruftaxi,6974,3-vrn062-6974
vrn-ruftaxi,6975,3-vrn062-6975
vrn-ruftaxi,6976,3-vrn062-6976
vrn-ruftaxi,6977,3-vrn062-6977
vrn-ruftaxi,6986,3-vrn062-6986
vrn-ruftaxi,6987,3-vrn062-6987
vrn-ruftaxi,6990 Michelbus,3-vrn062-6990
vrn-ruftaxi,6991,3-vrn062-6991
vrn-ruftaxi,6992,3-vrn062-6992
vrn-ruftaxi,6994,3-vrn062-6994
vrn-ruftaxi,6997,3-vrn062-6997
vrn-ruftaxi,6998,3-vrn062-6998
vrn-ruftaxi,7900,3-vrn062-7900
vrn-ruftaxi,7901,3-vrn062-7901
vrn-ruftaxi,7902,3-vrn062-7902
vrn-ruftaxi,7903,3-vrn062-7903
vrn-ruftaxi,7904,3-vrn062-7904
vrn-ruftaxi,7907,3-vrn062-7907
vrn-ruftaxi,7908,3-vrn062-7908
vrn-ruftaxi,7909,3-vrn062-7909
vrn-ruftaxi,7910,3-vrn062-7910
vrn-ruftaxi,7911,3-vrn062-7911
vrn-ruftaxi,7912,3-vrn062-7912
vrn-ruftaxi,7921,3-vrn062-7921
vrn-ruftaxi,7923,3-vrn062-7923
vrn-ruftaxi,7925,3-vrn062-7925
vrn-ruftaxi,7926,3-vrn062-7926
vrn-ruftaxi,7929,3-vrn062-7929
vrn-ruftaxi,7932,3-vrn062-7932
vrn-ruftaxi,7933,3-vrn062-7933
vrn-ruftaxi,7934,3-vrn062-7934
vrn-ruftaxi,7935,3-vrn062-7935
vrn-ruftaxi,7940,3-vrn062-7940
vrn-ruftaxi,7949,3-vrn062-7949
vrn-ruftaxi,7950,3-vrn062-7950
vrn-ruftaxi,7955,3-vrn062-7955
vrn-ruftaxi,7956,3-vrn062-7956
vrn-ruftaxi,7958,3-vrn062-7958
vrn-ruftaxi,7959,3-vrn062-7959
vrn-ruftaxi,7960,3-vrn062-7960
vrn-ruftaxi,8900,3-vrn062-8900
vrn-ruftaxi,8901,3-vrn062-8901
vrn-ruftaxi,8902,3-vrn062-8902
vrn-ruftaxi,8903,3-vrn062-8903
vrn-ruftaxi,8904,3-vrn062-8904
vrn-ruftaxi,8905,3-vrn062-8905
vrn-ruftaxi,8906,3-vrn062-8906
vrn-ruftaxi,8907,3-vrn062-8907
vrn-ruftaxi,8911,3-vrn062-8911
vrn-ruftaxi,8912,3-vrn062-8912
vrn-ruftaxi,8913,3-vrn062-8913
vrn-ruftaxi,8917,3-vrn062-8917
vrn-ruftaxi,8920,3-vrn062-8920
vrn-ruftaxi,8930,3-vrn062-8930
vrn-ruftaxi,8931,3-vrn062-8931
vrn-ruftaxi,8932,3-vrn062-8932
vrn-ruftaxi,8935,3-vrn062-8935
vrn-ruftaxi,8936,3-vrn062-8936
vrn-ruftaxi,8937,3-vrn062-8937
vrn-ruftaxi,8938,3-vrn062-8938
vrn-ruftaxi,8941,3-vrn062-8941
vrn-ruftaxi,8942,3-vrn062-8942
vrn-ruftaxi,8943,3-vrn062-8943
vrn-ruftaxi,8944,3-vrn062-8944
vrn-ruftaxi,8946,3-vrn062-8946
vrn-ruftaxi,8950,3-vrn062-8950
vrn-ruftaxi,8951,3-vrn062-8951
vrn-ruftaxi,8952,3-vrn062-8952
vrn-ruftaxi,8953,3-vrn062-8953
vrn-ruftaxi,8954,3-vrn062-8954
vrn-ruftaxi,9833,3-vrn062-9833
vrn-ruftaxi,9834,3-vrn062-9834
vrn-ruftaxi,9839,3-vrn062-9839
vrn-ruftaxi,9840,3-vrn062-9840
vrn-ruftaxi,9841,3-vrn062-9841
vrn-ruftaxi,9842,3-vrn062-9842
vrn-ruftaxi,9843,3-vrn062-9843
vrn-ruftaxi,9850,3-vrn062-9850
vrn-ruftaxi,9852,3-vrn062-9852
vrn-ruftaxi,9855,3-vrn062-9855
vrn-ruftaxi,9861,3-vrn062-9861
vrn-ruftaxi,9863,3-vrn062-9863
vrn-ruftaxi,9867,3-vrn062-9867
vrn-ruftaxi,9869,3-vrn062-9869
vrn-ruftaxi,9870,3-vrn062-9870
vrn-ruftaxi,9871,3-vrn062-9871
vrn-ruftaxi,9872,3-vrn062-9872
vrn-ruftaxi,9873,3-vrn062-9873
vrn-ruftaxi,9874,3-vrn062-9874
vrn-ruftaxi,9875,3-vrn062-9875
vrn-ruftaxi,9876,3-vrn062-9876
vrn-ruftaxi,SWPS 2011,3-vrn062-swps2011
vrn-ruftaxi,SWPS 2012,3-vrn062-swps2012
vrn-ruftaxi,SWPS 2013,3-vrn062-swps2013
vrn-sbahn-rn,S1,s1
vrn-sbahn-rn,S2,s2
vrn-sbahn-rn,RE2,re2
vrn-sbahn-rn,S3,s3
vrn-sbahn-rn,S4,s4
vrn-sbahn-rn,S5,s5
vrn-sbahn-rn,S6,s6
vrn-sbahn-rn,S7,s7
vrn-sbahn-rn,RE7,re7
vrn-sbahn-rn,S8,s8
vrn-sbahn-rn,S9,s9
vrn-sbahn-rn,RE9,re9
vrn-sbahn-rn,S10,s10
vrn-sbahn-rn,S12,s12
vrn-sbahn-rn,S33,s33
vrn-sbahn-rn,S44,s44
vrn-sbahn-rn,RB67,rb67
vrn-sw-bad-duerkheim,485,5-vrn025-485
vrn-sw-bad-duerkheim,486,5-vrn025-486
vrn-sw-bad-duerkheim,487,5-vrn025-487
vrn-sw-bad-duerkheim,488,5-vrn025-488
vrn-sw-bad-duerkheim,489,5-vrn025-489
vrn-sw-bad-duerkheim,490,5-vrn025-490
vrn-sw-eberbach,801,5-vrn026-801
vrn-sw-eberbach,802,5-vrn026-802
vrn-sw-eberbach,803,5-vrn026-803
vrn-sw-eberbach,804,5-vrn026-804
vrn-sw-eberbach,805,5-vrn026-805
vrn-sw-eberbach,806,5-vrn026-806
vrn-sw-eberbach,807,5-vrn026-807
vrn-sw-eberbach,809,5-vrn026-809
vrn-sw-pirmasens,SWPS 201,5-vrn082-201
vrn-sw-pirmasens,SWPS 202,5-vrn082-202
vrn-sw-pirmasens,SWPS 203,5-vrn082-203
vrn-sw-pirmasens,SWPS 204,5-vrn082-204
vrn-sw-pirmasens,SWPS 205,5-vrn082-205
vrn-sw-pirmasens,SWPS 206,5-vrn082-206
vrn-sw-pirmasens,SWPS 207,5-vrn082-207
vrn-sw-pirmasens,SWPS 208,5-vrn082-208
vrn-sw-pirmasens,SWPS 209,5-vrn082-209
vrn-sw-pirmasens,SWPS 210,5-vrn082-210
vrn-sw-pirmasens,SWPS 211,5-vrn082-211
vrn-sw-pirmasens,SWPS 212,5-vrn082-212
vrn-sw-viernheim,611,5-vrn029-611
vrn-sw-viernheim,612,5-vrn029-612
vrn-sw-zweibruecken,221,5-vrn082-221
vrn-sw-zweibruecken,222,5-vrn082-222
vrn-sw-zweibruecken,223,5-vrn082-223
vrn-sw-zweibruecken,224,5-vrn082-224
vrn-sw-zweibruecken,225,5-vrn082-225
vrn-sw-zweibruecken,226,5-vrn082-226
vrn-sw-zweibruecken,228,5-vrn082-228
vrn-sw-zweibruecken,229,5-vrn082-229
vrn-sweg,675,5-vrn040-675
vrn-sweg,701,5-vrn040-701
vrn-sweg,702,5-vrn040-702
vrn-sweg,703,5-vrn040-703
vrn-sweg,704,5-vrn040-704
vrn-sweg,705,5-vrn040-705
vrn-sweg,706,5-vrn040-706
vrn-sweg,707,5-vrn040-707
vrn-sweg,708,5-vrn040-708
vrn-sweg,709,5-vrn040-709
vrn-sweg,712,5-vrn040-712
vrn-sweg,713,5-vrn040-713
vrn-sweg,718,5-vrn040-718
vrn-sweg,728,5-vrn040-728
vrn-sweg,730,5-vrn040-730
vrn-sweg,741,5-vrn040-741
vrn-sweg,750,5-vrn040-750
vrn-sweg,761,5-vrn040-761
vrn-sweg,762,5-vrn040-762
vrn-sweg,763,5-vrn040-763
vrn-sweg,765,5-vrn040-765
vrn-sweg,767,5-vrn040-767
vrn-sweg,768,5-vrn040-768
vrn-sweg,771,5-vrn040-771
vrn-sweg,772,5-vrn040-772
vrn-sweg,791,5-vrn040-791
vrn-sweg,792,5-vrn040-792
vrn-sweg,793,5-vrn040-793
vrn-sweg,794,5-vrn040-794
vrn-sweg,798,5-vrn040-798
vrn-sweg,799,5-vrn040-799
vrn-swk-kl,SWK 101,5-vrn081-101
vrn-swk-kl,SWK 102,5-vrn081-102
vrn-swk-kl,SWK 103,5-vrn081-103
vrn-swk-kl,SWK 104,5-vrn081-104
vrn-swk-kl,SWK 105,5-vrn081-105
vrn-swk-kl,SWK 106,5-vrn081-106
vrn-swk-kl,SWK 107,5-vrn081-107
vrn-swk-kl,SWK 108,5-vrn081-108
vrn-swk-kl,SWK 109,5-vrn081-109
vrn-swk-kl,SWK 111,5-vrn081-111
vrn-swk-kl,SWK 112,5-vrn081-112
vrn-swk-kl,SWK 113,5-vrn081-113
vrn-swk-kl,SWK 114,5-vrn081-114
vrn-swk-kl,SWK 115,5-vrn081-115
vrn-swk-kl,SWK 116,5-vrn081-116
vrn-swk-kl,SWK 117,5-vrn081-117
vrn-swk-kl,SWK N1 / 121,5-vrn081-N1
vrn-swk-kl,SWK N2 / 122,5-vrn081-N2
vrn-swk-kl,SWK N3 / 123,5-vrn081-N3
vrn-swk-kl,SWK N4 / 124,5-vrn081-N4
vrn-swk-kl,SWK N6 / 126,5-vrn081-N6
vrn-swk-kl,SWK N7 / 127,5-vrn081-N7
vrn-swk-kl,SWK N10 / 129,5-vrn081-N10
vrn-swk-kl,SWK N12 / 128,5-vrn081-N12
vrn-swk-kl,SWK N40 / 125,5-vrn081-N40
vrn-vgg-gersprenztal,640,5-vrn040-640
vrn-vgg-gersprenztal,641,5-vrn040-641
vrn-vgg-gersprenztal,642,5-vrn040-642
vrn-vgg-gersprenztal,643,5-vrn040-643
vrn-vgg-gersprenztal,644,5-vrn040-644
vrn-vgg-gersprenztal,644A,5-vrn040-644A
vrn-vgg-gersprenztal,645,5-vrn040-645
vrn-vgg-gersprenztal,646,5-vrn040-646
vrn-vgg-gersprenztal,647,5-vrn040-647
vrn-vgg-gersprenztal,664,5-vrn040-664
vrn-vgg-gersprenztal,665,5-vrn040-665
vrn-vgg-gersprenztal,665E,5-vrn040-665E
vrn-vgg-gersprenztal,666,5-vrn040-666
vrn-vgg-gersprenztal,669,5-vrn040-669
vrn-vgg-gersprenztal,670,5-vrn040-670
vrn-vgg-gersprenztal,671,5-vrn040-671
vrn-vgg-gersprenztal,672,5-vrn040-672
vrn-vgg-gersprenztal,673,5-vrn040-673
vrn-vgg-gersprenztal,675,5-vrn040-675
vrn-vgg-gersprenztal,676,5-vrn040-676
vrn-vgg-gersprenztal,677,5-vrn040-677
vrn-vgg-gersprenztal,678,5-vrn040-678
vrn-vgg-gersprenztal,679,5-vrn040-679
vrn-vgg-gersprenztal,680,5-vrn040-680
vrn-vgg-gersprenztal,681,5-vrn040-681
vrn-vgg-gersprenztal,682,5-vrn040-682
vrn-vgg-gersprenztal,683,5-vrn040-683
vrn-vgg-gersprenztal,685,5-vrn040-685
vrn-vgg-gersprenztal,688,5-vrn040-688
vrn-vgg-gersprenztal,690,5-vrn040-690
vrn-vgg-gersprenztal,692,5-vrn040-692
vrn-vgg-gersprenztal,694,5-vrn040-694
vrn-vgg-gersprenztal,696,5-vrn040-696
vrn-vgmt,88a,5-vrn049-88a
vrn-vgmt,88b,5-vrn049-88b
vrn-vgmt,850,5-vrn049-850
vrn-vgmt,851,5-vrn049-851
vrn-vgmt,857,5-vrn049-857
vrn-vgmt,930,5-vrn049-930
vrn-vgmt,933,5-vrn049-933
vrn-vgmt,934,5-vrn049-934
vrn-vgmt,937,5-vrn049-937
vrn-vgmt,939,5-vrn049-939
vrn-vgmt,940,5-vrn049-940
vrn-vgmt,941,5-vrn049-941
vrn-vgmt,942,5-vrn049-942
vrn-vgmt,943,5-vrn049-943
vrn-vgmt,944,5-vrn049-944
vrn-vgmt,945,5-vrn049-945
vrn-vgmt,949,5-vrn049-949
vrn-vgmt,952,5-vrn049-952
vrn-vgmt,955,5-vrn049-955
vrn-vgmt,956,5-vrn049-956
vrn-vgmt,957,5-vrn049-957
vrn-vgmt,958,5-vrn049-958
vrn-vgmt,959,5-vrn049-959
vrn-vgmt,961,5-vrn049-961
vrn-vgmt,962,5-vrn049-962
vrn-vgmt,963,5-vrn049-963
vrn-vgmt,964,5-vrn049-964
vrn-vgmt,965,5-vrn049-965
vrn-vgmt,966,5-vrn049-966
vrn-vgmt,967,5-vrn049-967
vrn-vgmt,968,5-vrn049-968
vrn-vgmt,969,5-vrn049-969
vrn-vgmt,970,5-vrn049-970
vrn-vgmt,971,5-vrn049-971
vrn-vgmt,972,5-vrn049-972
vrn-vgmt,973,5-vrn049-973
vrn-vgmt,974,5-vrn049-974
vrn-vgmt,975,5-vrn049-975
vrn-vgmt,976,5-vrn049-976
vrn-vgmt,977,5-vrn049-977
vrn-vgmt,980,5-vrn049-980
vrn-vgmt,988,5-vrn049-988
vrn-vgmt,989,5-vrn049-989
vrn-vgmt,990,5-vrn049-990
vrn-walter-mueller-biblis,652,5-vrn043-652
vrn-zarth,401,5-vrn024-401
vrn-zarth,402,5-vrn024-402
vrn-zarth,403,5-vrn024-403
vrn-zarth,404,5-vrn024-404
vrn-zarth,405,5-vrn024-405
vrn-zarth,406,5-vrn024-406
vrn-zarth,407,5-vrn024-407
vrn-zarth,408,5-vrn024-408
vrn-zarth,409,5-vrn024-409
vrn-zarth,410,5-vrn024-410
vrn-zarth,411,5-vrn024-411
vrn-zarth,415,5-vrn024-415
vrn-zarth,606,5-vrn024-606
vrn-zarth,609,5-vrn024-609
vrn-zarth,610,5-vrn024-610
vrn-zarth,640,5-vrn024-640
vrn-zarth,641,5-vrn024-641
vrn-zarth,642,5-vrn024-642
vrn-zarth,643,5-vrn024-643
vrn-zarth,645,5-vrn024-645
vrn-zarth,646,5-vrn024-646
vrn-zarth,647,5-vrn024-647
vrn-zarth,648,5-vrn024-648
vrn-zarth,649,5-vrn024-649
vrr-bogestra,U35,7-vrr032-35
vrr-bogestra,301,8-vrr033-301
vrr-bogestra,302,8-vrr033-302
vrr-bogestra,305,8-vrr033-305
vrr-bogestra,306,8-vrr030-306
vrr-bogestra,308,8-vrr033-308
vrr-bogestra,309,8-vrr033-309
vrr-bogestra,310,8-vrr033-310
vrr-bogestra,316,8-vrr030-316
vrr-bogestra,318,8-vrr033-318
vrr-bogestra,SB33,8-vrr033-sb33
vrr-bvr,SB19,5-aavase-sb19
vrr-bvr,SB66,5-aavase-sb66
vrr-dsw21,400,5-vrr038-400
vrr-dsw21,401,5-vrr038-401
vrr-dsw21,410,5-vrr038-410
vrr-dsw21,411,5-vrr038-411
vrr-dsw21,412,5-vrr038-412
vrr-dsw21,414,5-vrr038-414
vrr-dsw21,415,5-vrr038-415
vrr-dsw21,416,5-vrr038-416
vrr-dsw21,417,5-vrr038-417
vrr-dsw21,420,5-vrr038-420
vrr-dsw21,422,5-vrr038-422
vrr-dsw21,423,5-vrr038-423
vrr-dsw21,424,5-vrr038-424
vrr-dsw21,425,5-vrr038-425
vrr-dsw21,426,5-vrr038-426
vrr-dsw21,427,5-vrr038-427
vrr-dsw21,428,5-vrr038-428
vrr-dsw21,430,5-vrr038-430
vrr-dsw21,431,5-vrr038-431
vrr-dsw21,432,5-vrr038-432
vrr-dsw21,433,5-vrr038-433
vrr-dsw21,434,5-vrr038-434
vrr-dsw21,435,5-vrr038-435
vrr-dsw21,436,5-vrr038-436
vrr-dsw21,437,5-vrr038-437
vrr-dsw21,438,5-vrr038-438
vrr-dsw21,439,5-vrr038-439
vrr-dsw21,440,5-vrr038-440
vrr-dsw21,441,5-vrr038-441
vrr-dsw21,442,5-vrr038-442
vrr-dsw21,443,5-vrr038-443
vrr-dsw21,446,5-vrr038-446
vrr-dsw21,447,5-vrr038-447
vrr-dsw21,448,5-vrr038-448
vrr-dsw21,449,5-vrr038-449
vrr-dsw21,450,5-vrr038-450
vrr-dsw21,451,5-vrr038-451
vrr-dsw21,452,5-vrr038-452
vrr-dsw21,453,5-vrr038-453
vrr-dsw21,460,5-vrr038-460
vrr-dsw21,461,5-vrr038-461
vrr-dsw21,462,5-vrr038-462
vrr-dsw21,463,5-vrr038-463
vrr-dsw21,464,5-vrr038-464
vrr-dsw21,465,5-vrr038-465
vrr-dsw21,466,5-vrr038-466
vrr-dsw21,469,5-vrr038-469
vrr-dsw21,470,5-vrr038-470
vrr-dsw21,471,5-vrr038-471
vrr-dsw21,472,5-vrr038-472
vrr-dsw21,473,5-vrr038-473
vrr-dsw21,474,5-vrr038-474
vrr-dsw21,475,5-vrr038-475
vrr-dsw21,476,5-vrr038-476
vrr-dsw21,477,5-vrr038-477
vrr-dsw21,480,5-vrr038-480
vrr-dsw21,482,5-vrr038-482
vrr-dsw21,490,5-vrr038-490
vrr-dsw21,AirportExpress,5-vrr038-airex
vrr-dsw21,AirportShuttle,5-vrr038-airsh
vrr-dsw21,U41,7-vrr036-41
vrr-dsw21,U42,7-vrr036-42
vrr-dsw21,U43,7-vrr036-43
vrr-dsw21,U44,7-vrr036-44
vrr-dsw21,U45,7-vrr036-45
vrr-dsw21,U46,7-vrr036-46
vrr-dsw21,U47,7-vrr036-47
vrr-dsw21,U49,7-vrr036-49
vrr-dsw21,HB1,8-vrr039-hb1
vrr-dsw21,HB2,8-vrr039-hb2
vrr-dsw21,HB3,8-vrr039-hb3
vrr-dsw21,HB5,8-vrr039-hb5
vrr-dsw21,HB7,8-vrr039-hb7
vrr-dvg,901,8-vrr020-901
vrr-dvg,903,8-vrr020-903
vrr-dvg,U79,7-vrr020-79
vrr-hst,CE51,5-vrr050-ce51
vrr-hst,CE52,5-vrr050-ce52
vrr-hst,NE1,5-vrr050-ne1
vrr-hst,NE2,5-vrr050-ne2
vrr-hst,NE3,5-vrr050-ne3
vrr-hst,NE4,5-vrr050-ne4
vrr-hst,NE5,5-vrr050-ne5
vrr-hst,NE6,5-vrr050-ne6
vrr-hst,NE9,5-vrr088-ne9
vrr-hst,NE11,5-vrr050-ne11
vrr-hst,NE12,5-vrr050-ne12
vrr-hst,NE19,5-vrr050-ne19
vrr-hst,NE21,5-vrr050-ne21
vrr-hst,NE32,5-vrr050-ne32
vrr-hst,510,5-vrr050-510
vrr-hst,512,5-vrr050-512
vrr-hst,513,5-vrr050-513
vrr-hst,514,5-vrr050-514
vrr-hst,515,5-vrr050-515
vrr-hst,516,5-vrr050-516
vrr-hst,517,5-vrr050-517
vrr-hst,518,5-vrr050-518
vrr-hst,519,5-vrr050-519
vrr-hst,521,5-vrr050-521
vrr-hst,522,5-vrr050-522
vrr-hst,524,5-vrr050-524
vrr-hst,525,5-vrr050-525
vrr-hst,527,5-vrr050-527
vrr-hst,528,5-vrr050-528
vrr-hst,534,5-vrr050-534
vrr-hst,535,5-vrr050-535
vrr-hst,537,5-vrr050-537
vrr-hst,538,5-vrr050-538
vrr-hst,539,5-vrr050-539
vrr-hst,540,5-vrr050-540
vrr-hst,541,5-vrr050-541
vrr-hst,542,5-vrr050-542
vrr-hst,543,5-vrr050-543
vrr-hst,545,5-vrr050-545
vrr-rheinbahn,U70,7-vrr070-u70
vrr-rheinbahn,U71,7-vrr070-u71
vrr-rheinbahn,U72,7-vrr070-u72
vrr-rheinbahn,U73,7-vrr070-u73
vrr-rheinbahn,U75,7-vrr070-u75
vrr-rheinbahn,U76,7-vrr070-u76
vrr-rheinbahn,U77,7-vrr070-u77
vrr-rheinbahn,U78,7-vrr070-u78
vrr-rheinbahn,U79,7-vrr070-u79
vrr-rheinbahn,U83,7-vrr070-u83
vrr-rheinbahn,701,8-vrr071-701
vrr-rheinbahn,704,8-vrr071-704
vrr-rheinbahn,705,8-vrr071-705
vrr-rheinbahn,706,8-vrr071-706
vrr-rheinbahn,707,8-vrr071-707
vrr-rheinbahn,708,8-vrr071-708
vrr-rheinbahn,709,8-vrr071-709
vrr-rheinbahn,169,8-vrr072-169
vrr-rheinbahn,721,5-vrr072-721
vrr-rheinbahn,722,5-vrr072-722
vrr-rheinbahn,723,5-vrr072-723
vrr-rheinbahn,724,5-vrr072-724
vrr-rheinbahn,725,5-vrr072-725
vrr-rheinbahn,726,5-vrr072-726
vrr-rheinbahn,727,5-vrr072-727
vrr-rheinbahn,728,5-vrr072-728
vrr-rheinbahn,729,5-vrr072-729
vrr-rheinbahn,730,5-vrr072-730
vrr-rheinbahn,731,5-vrr072-731
vrr-rheinbahn,732,5-vrr072-732
vrr-rheinbahn,733,5-vrr072-733
vrr-rheinbahn,734,5-vrr072-734
vrr-rheinbahn,735,5-vrr072-735
vrr-rheinbahn,736,5-vrr072-736
vrr-rheinbahn,737,5-vrr072-737
vrr-rheinbahn,738,5-vrr072-738
vrr-rheinbahn,741,5-vrr072-741
vrr-rheinbahn,742,5-vrr072-742
vrr-rheinbahn,743,5-vrr072-743
vrr-rheinbahn,745,5-vrr072-745
vrr-rheinbahn,746,5-vrr072-746
vrr-rheinbahn,747,5-vrr072-747
vrr-rheinbahn,748,5-vrr072-748
vrr-rheinbahn,749,5-vrr072-749
vrr-rheinbahn,751,5-vrr072-751
vrr-rheinbahn,752,5-vrr072-752
vrr-rheinbahn,753,5-vrr072-753
vrr-rheinbahn,754,5-vrr072-754
vrr-rheinbahn,756,5-vrr072-756
vrr-rheinbahn,757,5-vrr072-757
vrr-rheinbahn,758,5-vrr072-758
vrr-rheinbahn,759,5-vrr072-759
vrr-rheinbahn,760,5-vrr072-760
vrr-rheinbahn,761,5-vrr072-761
vrr-rheinbahn,770,5-vrr072-770
vrr-rheinbahn,771,5-vrr072-771
vrr-rheinbahn,772,5-vrr072-772
vrr-rheinbahn,773,5-vrr072-773
vrr-rheinbahn,774,5-vrr072-774
vrr-rheinbahn,776,5-vrr072-776
vrr-rheinbahn,777,5-vrr072-777
vrr-rheinbahn,778,5-vrr072-778
vrr-rheinbahn,779,5-vrr072-779
vrr-rheinbahn,780,5-vrr072-780
vrr-rheinbahn,781,5-vrr072-781
vrr-rheinbahn,782,5-vrr072-782
vrr-rheinbahn,783,5-vrr072-783
vrr-rheinbahn,784,5-vrr072-784
vrr-rheinbahn,785,5-vrr072-785
vrr-rheinbahn,786,5-vrr072-786
vrr-rheinbahn,787,5-vrr072-787
vrr-rheinbahn,788,5-vrr072-788
vrr-rheinbahn,789,5-vrr072-789
vrr-rheinbahn,790,5-vrr072-790
vrr-rheinbahn,791,5-vrr072-791
vrr-rheinbahn,792,5-vrr072-792
vrr-rheinbahn,805,5-vrr072-805
vrr-rheinbahn,807,5-vrr072-807
vrr-rheinbahn,810,5-vrr072-810
vrr-rheinbahn,812,5-vrr072-812
vrr-rheinbahn,815,5-vrr072-815
vrr-rheinbahn,817,5-vrr072-817
vrr-rheinbahn,827,5-vrr072-827
vrr-rheinbahn,828,5-vrr072-828
vrr-rheinbahn,829,5-vrr072-829
vrr-rheinbahn,830,5-vrr072-830
vrr-rheinbahn,831,5-vrr072-831
vrr-rheinbahn,832,5-vrr072-832
vrr-rheinbahn,833,5-vrr072-833
vrr-rheinbahn,834,5-vrr072-834
vrr-rheinbahn,835,5-vrr072-835
vrr-rheinbahn,836,5-vrr072-836
vrr-rheinbahn,839,5-vrr072-839
vrr-rheinbahn,863,5-vrr072-863
vrr-rheinbahn,891,5-vrr072-891
vrr-rheinbahn,896,5-vrr072-896
vrr-rheinbahn,O1,5-vrr072-O1
vrr-rheinbahn,O3,5-vrr072-O3
vrr-rheinbahn,O5,5-vrr072-O5
vrr-rheinbahn,O6,5-vrr072-O6
vrr-rheinbahn,O10,5-vrr072-O10
vrr-rheinbahn,O11,5-vrr072-O11
vrr-rheinbahn,O13,5-vrr072-O13
vrr-rheinbahn,O14,5-vrr072-O14
vrr-rheinbahn,O15,5-vrr072-O15
vrr-rheinbahn,O16,5-vrr072-O16
vrr-rheinbahn,O17,5-vrr072-O17
vrr-rheinbahn,O19,5-vrr072-O19
vrr-rheinbahn,E,5-vrr072-E
vrr-rheinbahn,M1,5-vrr073-m1
vrr-rheinbahn,M2,5-vrr073-m2
vrr-rheinbahn,M3,5-vrr073-m3
vrr-rheinbahn,SB19,5-vrr072-sb19
vrr-rheinbahn,SB50,5-vrr072-sb50
vrr-rheinbahn,SB51,5-vrr072-sb51
vrr-rheinbahn,SB52,5-vrr072-sb52
vrr-rheinbahn,SB53,5-vrr072-sb53
vrr-rheinbahn,SB55,5-vrr072-sb55
vrr-rheinbahn,SB57,5-vrr072-sb57
vrr-rheinbahn,SB59,5-vrr072-sb59
vrr-rheinbahn,SB68,5-vrr072-sb68
vrr-rheinbahn,SB79,5-vrr072-sb79
vrr-rheinbahn,SkyT,5-vrr077-skyt
vrr-ruhrbahn,U11,7-vrr010-11
vrr-ruhrbahn,U17,7-vrr010-17
vrr-ruhrbahn,U18,7-vrr013-18
vrr-ruhrbahn,101,8-vrr011-101
vrr-ruhrbahn,102,8-vrr013-102
vrr-ruhrbahn,103,8-vrr011-103
vrr-ruhrbahn,104,8-vrr013-104
vrr-ruhrbahn,105,8-vrr011-105
vrr-ruhrbahn,106,8-vrr011-106
vrr-ruhrbahn,107,8-vrr011-107
vrr-ruhrbahn,108,8-vrr011-108
vrr-ruhrbahn,109,8-vrr011-109
vrr-ruhrbahn,112,8-vrr015-112
vrr-sr,615,5-vrr016-615
vrr-sr,654,5-vrr016-654
vrr-sr,655,5-vrr016-655
vrr-sr,657,5-vrr016-657
vrr-sr,658,5-vrr016-658
vrr-sr,660,5-vrr016-660
vrr-sr,664,5-vrr016-664
vrr-sr,669,5-vrr016-669
vrr-sr,670,5-vrr016-670
vrr-sr,671,5-vrr016-671
vrr-sr,672,5-vrr016-672
vrr-sr,673,5-vrr016-673
vrr-sr,675,5-vrr016-675
vrr-sr,CE63,5-vrr016-ce63
vrr-swk,041,8-vrr001-041
vrr-swk,042,8-vrr001-042
vrr-swk,043,8-vrr001-043
vrr-swk,044,8-vrr001-044
vrr-sws,681,5-vrr018-681
vrr-sws,682,5-vrr018-682
vrr-sws,683,5-vrr018-683
vrr-sws,684,5-vrr018-684
vrr-sws,685,5-vrr018-685
vrr-sws,686,5-vrr018-686
vrr-sws,687,5-vrr018-687
vrr-sws,689,5-vrr018-689
vrr-sws,690,5-vrr018-690
vrr-sws,691,5-vrr018-691
vrr-sws,692,5-vrr018-692
vrr-sws,693,5-vrr018-693
vrr-sws,694,5-vrr018-694
vrr-sws,695,5-vrr018-695
vrr-sws,696,5-vrr018-696
vrr-sws,697,5-vrr018-697
vrr-sws,698,5-vrr018-698
vrr-sws,699,5-vrr018-699
vrr-sws,NE21,5-vrr018-ne21
vrr-sws,NE22,5-vrr018-ne22
vrr-sws,NE23,5-vrr018-ne23
vrr-sws,NE24,5-vrr018-ne24
vrr-sws,NE25,5-vrr018-ne25
vrr-sws,NE28,5-vrr018-ne28
vrr-wsw,600,5-vrr066-600
vrr-wsw,601,5-vrr066-601
vrr-wsw,602,5-vrr066-602
vrr-wsw,603,5-vrr066-603
vrr-wsw,604,5-vrr066-604
vrr-wsw,605,5-vrr066-605
vrr-wsw,606,5-vrr066-606
vrr-wsw,607,5-vrr066-607
vrr-wsw,608,5-vrr066-608
vrr-wsw,609,5-vrr066-609
vrr-wsw,610,5-vrr066-610
vrr-wsw,611,5-vrr066-611
vrr-wsw,612,5-vrr066-612
vrr-wsw,613,5-vrr066-613
vrr-wsw,614,5-vrr066-614
vrr-wsw,615,5-vrr066-615
vrr-wsw,616,5-vrr066-616
vrr-wsw,617,5-vrr066-617
vrr-wsw,618,5-vrr066-618
vrr-wsw,619,5-vrr066-619
vrr-wsw,620,5-vrr066-620
vrr-wsw,621,5-vrr066-621
vrr-wsw,622,5-vrr066-622
vrr-wsw,623,5-vrr066-623
vrr-wsw,624,5-vrr066-624
vrr-wsw,625,5-vrr066-625
vrr-wsw,627,5-vrr066-627
vrr-wsw,628,5-vrr066-628
vrr-wsw,630,5-vrr066-630
vrr-wsw,631,5-vrr066-631
vrr-wsw,632,5-vrr066-632
vrr-wsw,633,5-vrr066-633
vrr-wsw,635,5-vrr066-635
vrr-wsw,636,5-vrr066-636
vrr-wsw,637,5-vrr066-637
vrr-wsw,638,5-vrr066-638
vrr-wsw,640,5-vrr066-640
vrr-wsw,641,5-vrr066-641
vrr-wsw,642,5-vrr066-642
vrr-wsw,643,5-vrr066-643
vrr-wsw,644,5-vrr066-644
vrr-wsw,645,5-vrr066-645
vrr-wsw,646,5-vrr066-646
vrr-wsw,647,5-vrr066-647
vrr-wsw,649,5-vrr066-649
vrr-wsw,650,5-vrr066-650
vrr-wsw,666,5-vrr066-666
vrr-wsw,669,5-vrr066-669
vrr-wsw,670,5-vrr066-670
vrr-wsw,60,8-vrr064-60
vrr-wsw,SB66,5-vrr088-sb66
vrr-wsw,SB69,5-vrr066-sb69
vrr-wsw,CE62,5-vrr066-ce62
vrr-wsw,CE64,5-vrr066-ce64
vrr-wsw,CE65,5-vrr066-ce65
vrr-wsw,Uni,5-vrr066-uni
vrr-wsw,E860,5-vrr066-e860
vrr-xbus,X05,5-vrr088-x05
vrr-xbus,X13,5-vrr038-x13
vrr-xbus,X27,5-vrr088-x27
vrr-xbus,X28,5-vrr088-x85
vrr-xbus,X32,5-vrr025-x32
vrr-xbus,X42,5-vrr015-x42
vrr-xbus,X49,5-vrr088-x49
vrs-kvb,106,5-vrr001-106
vrs-kvb,117,5-vrr001-117
vrs-kvb,118,5-vrr001-118
vrs-kvb,120,5-vrr001-120
vrs-kvb,121,5-vrr001-121
vrs-kvb,122,5-vrr001-122
vrs-kvb,123,5-vrr001-123
vrs-kvb,124,5-vrr001-124
vrs-kvb,125,5-vrr001-125
vrs-kvb,126,5-vrr001-126
vrs-kvb,127,5-vrr001-127
vrs-kvb,130,5-vrr001-130
vrs-kvb,131,5-vrr001-131
vrs-kvb,132,5-vrr001-132
vrs-kvb,133,5-vrr001-133
vrs-kvb,134,5-vrr001-134
vrs-kvb,135,5-vrr001-135
vrs-kvb,136,5-vrr001-136
vrs-kvb,138,5-vrr001-138
vrs-kvb,139,5-vrr001-139
vrs-kvb,140,5-vrr001-140
vrs-kvb,141,5-vrr001-141
vrs-kvb,142,5-vrr001-142
vrs-kvb,143,5-vrr001-143
vrs-kvb,144,5-vrr001-144
vrs-kvb,145,5-vrr001-145
vrs-kvb,146,5-vrr001-146
vrs-kvb,147,5-vrr001-147
vrs-kvb,148,5-vrr001-148
vrs-kvb,149,5-vrr001-149
vrs-kvb,150,5-vrr001-150
vrs-kvb,151,5-vrr001-151
vrs-kvb,152,5-vrr001-152
vrs-kvb,153,5-vrr001-153
vrs-kvb,154,5-vrr001-154
vrs-kvb,155,5-vrr001-155
vrs-kvb,156,5-vrr001-156
vrs-kvb,157,5-vrr001-157
vrs-kvb,158,5-vrr001-158
vrs-kvb,159,5-vrr001-159
vrs-kvb,160,5-vrr001-160
vrs-kvb,161,5-vrr001-161
vrs-kvb,162,5-vrr001-162
vrs-kvb,165,5-vrr001-165
vrs-kvb,166,5-vrr001-166
vrs-kvb,167,5-vrr001-167
vrs-kvb,171,5-vrr001-171
vrs-kvb,180,5-vrr001-180
vrs-kvb,181,5-vrr001-181
vrs-kvb,182,5-vrr001-182
vrs-kvb,183,5-vrr001-183
vrs-kvb,184,5-vrr001-184
vrs-kvb,185,5-vrr001-185
vrs-kvb,187,5-vrr001-187
vrs-kvb,188,5-vrr001-188
vrs-kvb,189,5-vrr001-189
vrs-kvb,191,5-vrr001-191
vrs-kvb,192,5-vrr001-192
vrs-kvb,193,5-vrr001-193
vrs-kvb,195,5-vrr001-195
vrs-kvb,196,5-vrr001-196
vrs-kvb,197,5-vrr001-197
vrs-rvk,260,5-vrs016-260
vrs-rvk,740,5-vrr016-740
vrs-rvk,741,5-vrr016-741
vrs-rvk,745,5-vrr016-745
vrs-rvk,747,5-vrr016-747
vrs-rvk,749,5-vrr016-749
vrs-rvk,751,5-vrr016-751
vrs-rvk,753,5-vrr016-753
vrs-rvk,800,5-vrr016-800
vrs-rvk,817,5-vrr016-817
vrs-rvk,818,5-vrr016-818
vrs-rvk,843,5-vrr016-843
vrs-rvk,845,5-vrr016-845
vrs-rvk,855,5-vrr016-855
vrs-rvk,856,5-vrr016-856
vrs-rvk,857,5-vrr016-857
vrs-rvk,858,5-vrr016-858
vrs-rvk,859,5-vrr016-859
vrs-rvk,880,5-vrr016-880
vrs-rvk,881,5-vrr016-881
vrs-rvk,882,5-vrr016-882
vrs-rvk,SB40,5-vrr016-SB40
vrs-stadtbahn,1,8-vrs001-1
vrs-stadtbahn,3,8-vrs001-3
vrs-stadtbahn,4,8-vrs001-4
vrs-stadtbahn,5,8-vrs001-5
vrs-stadtbahn,7,8-vrs001-7
vrs-stadtbahn,9,8-vrs001-9
vrs-stadtbahn,12,8-vrs001-12
vrs-stadtbahn,13,8-vrs001-13
vrs-stadtbahn,14,8-vrs001-14
vrs-stadtbahn,15,8-vrs001-15
vrs-stadtbahn,16,8-vrs001-16
vrs-stadtbahn,17,8-vrs001-17
vrs-stadtbahn,18,8-vrs001-18
vrs-stadtbahn,19,8-vrs001-19
vrs-stadtbahn,61,8-s3-61
vrs-stadtbahn,62,8-s3-62
vrs-stadtbahn,63,8-s3-63
vrs-stadtbahn,65,8-s3-65
vrs-stadtbahn,66,8-s3-66
vrs-stadtbahn,67,8-s3-67
vrs-stadtbahn,68,8-s3-68
vrs-sve,731,5-vrr013-731
vrs-sve,733,5-vrr013-733
vrs-sve,735,5-vrr013-735
vrs-sve,736,5-vrr013-736
vrs-sve,737,5-vrr013-737
vrs-sve,738,5-vrr013-738
vrs-sve,860,5-vrr013-860
vrs-sve,870,5-vrr013-870
vrs-sve,871,5-vrr013-871
vrs-sve,872,5-vrr013-872
vrs-sve,873,5-vrr013-873
vrs-sve,874,5-vrr013-874
vrs-sve,875,5-vrr013-875
vrs-sve,876,5-vrr013-876
vrs-sve,877,5-vrr013-877
vrs-sve,878,5-vrr013-878
vrs-swb,600,5-vrr006-600
vrs-swb,601,5-vrr006-601
vrs-swb,602,5-vrr006-602
vrs-swb,603,5-vrr006-603
vrs-swb,604,5-vrr006-604
vrs-swb,605,5-vrr006-605
vrs-swb,606,5-vrr006-606
vrs-swb,607,5-vrr006-607
vrs-swb,608,5-vrr006-608
vrs-swb,609,5-vrr006-609
vrs-swb,610,5-vrr006-610
vrs-swb,611,5-vrr006-611
vrs-swb,612,5-vrr006-612
vrs-swb,613,5-vrr006-613
vrs-swb,614,5-vrr006-614
vrs-swb,630,5-vrr006-630
vrs-swb,632,5-vrr006-632
vrs-swb,633,5-vrr006-633
vrs-swb,634,5-vrr006-634
vrs-swb,635,5-vrr006-635
vrs-swb,636,5-vrr006-636
vrs-swb,637,5-vrr006-637
vrs-swb,638,5-vrr006-638
vrs-swb,639,5-vrr006-639
vrs-swb,640,5-vrr006-640
vrs-swb,N1,5-vrr006-n1
vrs-swb,N2,5-vrr006-n2
vrs-swb,N3,5-vrr006-n3
vrs-swb,N4,5-vrr006-n4
vrs-swb,N5,5-vrr006-n5
vrs-swb,N6,5-vrr006-n6
vrs-swb,N7,5-vrr006-n7
vrs-swb,N8,5-vrr006-n8
vrs-swb,N9,5-vrr006-n9
vrs-swb,N10,5-vrr006-n10
vrs-swb,SB60,5-vrr006-sb60
vrs-swb,SB69,5-vrr006-sb69
vrs-swb,T638,5-vrr006-t638
vrs-wupsi,201,5-vrs003-201
vrs-wupsi,202,5-vrs003-202
vrs-wupsi,203,5-vrs003-203
vrs-wupsi,204,5-vrs003-204
vrs-wupsi,205,5-vrs003-205
vrs-wupsi,206,5-vrs003-206
vrs-wupsi,207,5-vrs003-207
vrs-wupsi,208,5-vrs003-208
vrs-wupsi,209,5-vrs003-209
vrs-wupsi,211,5-vrs003-211
vrs-wupsi,212,5-vrs003-212
vrs-wupsi,213,5-vrs003-213
vrs-wupsi,214,5-vrs003-214
vrs-wupsi,215,5-vrs003-215
vrs-wupsi,217,5-vrs003-217
vrs-wupsi,218,5-vrs003-218
vrs-wupsi,222,5-vrs003-222
vrs-wupsi,227,5-vrs003-227
vrs-wupsi,229,5-vrs003-229
vrs-wupsi,232,5-vrs003-232
vrs-wupsi,244,5-vrs003-244
vrs-wupsi,251,5-vrs003-251
vrs-wupsi,252,5-vrs003-252
vrs-wupsi,253,5-vrs003-253
vrs-wupsi,254,5-vrs003-254
vrs-wupsi,255,5-vrs003-255
vrs-wupsi,257,5-vrs003-257
vrs-wupsi,258,5-vrs003-258
vrs-wupsi,SB20,5-vrs003-sb20
vrs-wupsi,SB21,5-vrs003-sb21
vrs-wupsi,SB22,5-vrs003-sb22
vrs-wupsi,SB23,5-vrs003-sb23
vrs-wupsi,SB24,5-vrs003-sb24
vrs-wupsi,SB25,5-vrs003-sb25
vrs-wupsi,SB42,5-vrs003-sb42
vsn-goevb,11,5-webgoe-11
vsn-goevb,12,5-webgoe-12
vsn-goevb,21,5-webgoe-21
vsn-goevb,22,5-webgoe-22
vsn-goevb,23,5-webgoe-23
vsn-goevb,31,5-webgoe-31
vsn-goevb,32,5-webgoe-32
vsn-goevb,33,5-webgoe-33
vsn-goevb,34,5-webgoe-34
vsn-goevb,41,5-webgoe-41
vsn-goevb,42,5-webgoe-42
vsn-goevb,50,5-webgoe-50
vsn-goevb,61,5-webgoe-61
vsn-goevb,62,5-webgoe-62
vsn-goevb,63,5-webgoe-63
vsn-goevb,71,5-webgoe-71
vsn-goevb,72,5-webgoe-72
vsn-goevb,73,5-webgoe-73
vsn-goevb,80,5-webgoe-80
vsn-goevb,91,5-webgoe-91
vsn-goevb,92,5-webgoe-92
vst-oebb,S1,4-81-1-1714993-5236532
vst-oebb,S3,4-81-3-1714993-5236532
vst-oebb,S5,4-81-5-1714993-5236532
vst-oebb,S51,4-81-51
vst-oebb,S8,4-81-8-1699752-5274525
vst-oebb,S9,4-81-9
vst-stb,S11,4-3613-11
vst-stb,S31,4-3613-31
vvk-oebb,S1,4-81-1-1540573-5186063
vvk-oebb,S2,4-81-2-1540573-5186063
vvk-oebb,S3,4-81-3-1592305-5185725
vvk-oebb,S4,4-81-4-1540573-5186063
vvk-oebb,S5,4-81-5-1540573-5186063
vvo-bus,61,5-voe021-61
vvo-bus,62,5-voe021-62
vvo-bus,63,5-voe021-63
vvo-bus,64,5-voe021-64
vvo-bus,65,5-voe021-65
vvo-bus,66,5-voe021-66
vvo-bus,68,5-voe021-68
vvo-bus,70,5-voe021-70
vvo-bus,72,5-voe021-72
vvo-bus,73,5-voe021-73
vvo-bus,74,9-voe021-74
vvo-bus,76,5-voe021-76
vvo-bus,77,5-voe021-77
vvo-bus,78,5-voe021-78
vvo-bus,79,5-voe021-79
vvo-bus,80,5-voe021-80
vvo-bus,81,5-voe021-81
vvo-bus,84,5-voe021-84
vvo-bus,85,5-voe021-85
vvo-bus,86,5-voe021-86
vvo-bus,87,5-voe021-87
vvo-bus,88,9-voe021-88
vvo-bus,89,5-voe021-89
vvo-bus,90,5-voe021-90
vvo-bus,91,9-voe023-91
vvo-bus,92,9-voe021-92
vvo-bus,93,9-voe023-93
vvo-bus,98A,5-voe022-98a
vvo-bus,98B,5-voe022-98b
vvo-bus,98C,5-voe022-98c
vvo-bus,160,5-voe023-160
vvo-bus,161,5-voe023-161
vvo-bus,162,5-voe023-162
vvo-bus,163,5-voe023-163
vvo-bus,164,5-voe023-164
vvo-bus,166,5-voe023-166
vvo-bus,A (Heidenau),5-voe012-a
vvo-bus,B (Heidenau),5-voe012-b
vvo-bus,G/L (Pirna),5-voe012-g/l
vvo-bus,H/S (Pirna),5-voe012-h/s
vvo-bus,M (Pirna),5-voe012-m
vvo-bus,N (Pirna),5-voe012-n
vvo-bus,P (Pirna),5-voe012-p
vvo-bus,Z (Pirna),5-voe012-z
vvo-bus,1,5-voe028-1
vvo-bus,2,5-voe028-2
vvo-bus,3,5-voe028-3
vvo-bus,4,5-voe028-4
vvo-bus,5,5-voe028-5
vvo-bus,21,5-voe028-21
vvo-bus,22,5-voe028-22
vvo-bus,23,5-voe028-23
vvo-db-regio,U 28,rb-u28
vvo-db-regio,RB 33,rb33
vvo-db-regio,RB 71,rb71
vvo-db-regio,RB 72,rb72
vvo-db-regio,RE 19,re19
vvo-db-regio,RE 20,re20
vvo-db-regio,RE 50,re50
vvo-db-sbd,S 1,s1
vvo-db-sbd,S 2,s2
vvo-db-sbd,S 3,s3
vvo-db-sbd,S 8,s8
vvo-ferry,F1,6-voe091-f1
vvo-ferry,F14,6-voe091-f14
vvo-ferry,F16,6-voe091-f16
vvo-ferry,F17,6-voe091-f17
vvo-tram,1,8-voe011-1
vvo-tram,2,8-voe011-2
vvo-tram,3,8-voe011-3
vvo-tram,4,8-voe011-4
vvo-tram,6,8-voe011-6
vvo-tram,7,8-voe011-7
vvo-tram,8,8-voe011-8
vvo-tram,9,8-voe011-9
vvo-tram,10,8-voe011-10
vvo-tram,11,8-voe011-11
vvo-tram,12,8-voe011-12
vvo-tram,13,8-voe011-13
vvo-tram,41,8-voe011-41
vvo-tram,20,8-voe011-20
vvs-db-sbs,S1,s1
vvs-db-sbs,S11,s11
vvs-db-sbs,S2,s2
vvs-db-sbs,S3,s3
vvs-db-sbs,S4,s4
vvs-db-sbs,S5,s5
vvs-db-sbs,S6,s6
vvs-db-sbs,S60,s60
vvs-db-sbs,S62,s62
vvs-db-sbs,RB11,rb11
vvs-db-sbs,RB64,rb64
vvs-eberhardt,503,5-vvs031-503
vvs-fischle,140,5-vvs031-140
vvs-flattich,502,5-vvs031-502
vvs-flattich,595,5-vvs031-595
vvs-flattich,620,5-vvs031-620
vvs-flattich,620A,5-vvs031-620a
vvs-flattich,622,5-vvs031-622
vvs-flattich,623,5-vvs031-623
vvs-flattich,623A,5-vvs031-623a
vvs-flattich,624,5-vvs031-624
vvs-flattich,625,5-vvs031-625
vvs-flattich,626,5-vvs031-626
vvs-fmo,201,5-rbgfmo-201
vvs-fmo,204,5-rbgfmo-204
vvs-fmo,206,5-rbgfmo-206
vvs-fmo,443,5-rbgfmo-443
vvs-fmo,444,5-rbgfmo-444
vvs-fmo,444A,5-rbgfmo-444a
vvs-fmo,566,5-rbgfmo-566
vvs-fmo,590,5-rbgfmo-590
vvs-fmo,592,5-rbgfmo-592
vvs-fmo,592A,5-rbgfmo-592a
vvs-fmo,592B,5-rbgfmo-592b
vvs-fmo,811,5-rbgfmo-811
vvs-fmo,812,5-rbgfmo-812
vvs-fmo,813,5-rbgfmo-813
vvs-fmo,814,5-rbgfmo-814
vvs-fmo,818,5-rbgfmo-818
vvs-fmo,818A,5-rbgfmo-818a
vvs-fmo,826,5-rbgfmo-826
vvs-fmo,826A,5-rbgfmo-826a
vvs-fmo,828,5-rbgfmo-828
vvs-fmo,X82,5-rbgfmo-x82
vvs-frank-stoeckle,901,5-vvs031-901
vvs-frank-stoeckle,901A,5-vvs031-901A
vvs-frank-stoeckle,902,5-vvs031-902
vvs-frank-stoeckle,903,5-vvs031-903
vvs-frank-stoeckle,904,5-vvs031-904
vvs-frank-stoeckle,905,5-vvs031-904
vvs-frank-stoeckle,906,5-vvs031-906
vvs-frank-stoeckle,920,5-vvs031-920
vvs-frank-stoeckle,920A,5-vvs031-920a
vvs-frank-stoeckle,921,5-vvs031-921
vvs-frank-stoeckle,921A,5-vvs031-921a
vvs-frank-stoeckle,922,5-vvs031-922
vvs-frank-stoeckle,922A,5-vvs031-922a
vvs-frank-stoeckle,997,5-vvs031-997
vvs-hildenbrand,961,5-vvs031-961
vvs-hildenbrand,962,5-vvs031-962
vvs-hildenbrand,963,5-vvs031-963
vvs-hildenbrand,964,5-vvs031-964
vvs-hildenbrand,965,5-vvs031-965
vvs-hildenbrand,965A,5-vvs031-965a
vvs-hildenbrand,966,5-vvs031-966
vvs-hildenbrand,966A,5-vvs031-966a
vvs-hildenbrand,967,5-vvs031-967
vvs-hildenbrand,968,5-vvs031-968
vvs-hildenbrand,980,5-vvs031-980
vvs-hildenbrand,980A,5-vvs031-980a
vvs-hildenbrand,981,5-vvs031-981
vvs-hildenbrand,981A,5-vvs031-981a
vvs-hildenbrand,982,5-vvs031-982
vvs-hildenbrand,983,5-vvs031-983
vvs-hildenbrand,983A,5-vvs031-983a
vvs-hildenbrand,984,5-vvs031-984
vvs-hildenbrand,984A,5-vvs031-984a
vvs-hildenbrand,LT967,5-vvs031-lt967
vvs-kappus,638,5-vvs031-638
vvs-kappus,650,5-vvs031-650
vvs-kappus,651,5-vvs031-651
vvs-kappus,651A,5-vvs031-651a
vvs-lvl,413,5-vvs031-413
vvs-lvl,415,5-vvs031-415
vvs-lvl,420,5-vvs031-420
vvs-lvl,421,5-vvs031-421
vvs-lvl,421A,5-vvs031-421a
vvs-lvl,422,5-vvs031-422
vvs-lvl,422A,5-vvs031-422a
vvs-lvl,423,5-vvs031-423
vvs-lvl,424,5-vvs031-424
vvs-lvl,425,5-vvs031-425
vvs-lvl,425A,5-vvs031-425a
vvs-lvl,426,5-vvs031-426
vvs-lvl,427,5-vvs031-427
vvs-lvl,427A,5-vvs031-427a
vvs-lvl,428,5-vvs031-428
vvs-lvl,429,5-vvs031-429
vvs-lvl,430,5-vvs031-430
vvs-lvl,430A,5-vvs031-430a
vvs-lvl,431,5-vvs031-431
vvs-lvl,433,5-vvs031-433
vvs-lvl,433A,5-vvs031-433a
vvs-lvl,435,5-vvs031-435
vvs-lvl,451,5-vvs031-451
vvs-lvl,X43,5-vvs031-x43
vvs-nachtbus,N11,5-vvs031-n11
vvs-nachtbus,N12,5-vvs031-n12
vvs-nachtbus,N13,5-vvs031-n13
vvs-nachtbus,N14,5-vvs031-n14
vvs-nachtbus,N15,5-vvs031-n15
vvs-nachtbus,N16,5-vvs031-n16
vvs-nachtbus,N18,5-vvs031-n18
vvs-nachtbus,N19,5-vvs031-n19
vvs-nachtbus,N21,5-vvs031-n21
vvs-nachtbus,N22,5-vvs031-n22
vvs-nachtbus,N24,5-vvs031-n24
vvs-nachtbus,N30,5-vvs031-n30
vvs-nachtbus,N31,5-vvs031-n31
vvs-nachtbus,N36,5-vvs031-n36
vvs-nachtbus,N40,5-vvs031-n40
vvs-nachtbus,N41,5-vvs031-n41
vvs-nachtbus,N42,5-vvs031-n42
vvs-nachtbus,N43,5-vvs031-n43
vvs-nachtbus,N44,5-vvs031-n44
vvs-nachtbus,N46,5-vvs031-n46
vvs-nachtbus,N47,5-vvs031-n47
vvs-nachtbus,N48,5-vvs031-n48
vvs-nachtbus,N52,5-vvs031-n52
vvs-nachtbus,N53,5-vvs031-n53
vvs-nachtbus,N55,5-vvs031-n55
vvs-nachtbus,N56,5-vvs031-n56
vvs-nachtbus,N57,5-vvs031-n57
vvs-nachtbus,N58,5-vvs031-n58
vvs-nachtbus,N62,5-vvs031-n62
vvs-nachtbus,N63,5-vvs031-n63
vvs-nachtbus,N65,5-vvs031-n65
vvs-nachtbus,N70,5-vvs031-n70
vvs-nachtbus,N73,5-vvs031-n73
vvs-nachtbus,N74,5-vvs031-n74
vvs-nachtbus,N75,5-vvs031-n75
vvs-nachtbus,N77,5-vvs031-n77
vvs-nachtbus,N80,5-vvs031-n80
vvs-nachtbus,N85,5-vvs031-n85
vvs-nachtbus,N87,5-vvs031-n87
vvs-nachtbus,N89,5-vvs031-n89
vvs-nachtbus,N90,5-vvs031-n90
vvs-nachtbus,N91,5-vvs031-n91
vvs-nachtbus,N92,5-vvs031-n92
vvs-nachtbus,N93,5-vvs031-n93
vvs-nachtbus,N94,5-vvs031-n94
vvs-nachtbus,N96,5-vvs031-n96
vvs-nachtbus,N97,5-vvs031-n97
vvs-nachtbus,N98,5-vvs031-n98
vvs-osb,551,5-vvs031-551
vvs-osb,551A,5-vvs031-551a
vvs-osb,554,5-vvs031-554
vvs-osb,554A,5-vvs031-554A
vvs-osb,556,5-vvs031-556
vvs-osb,558,5-vvs031-558
vvs-osb,559,5-vvs031-559
vvs-osb,561,5-vvs031-561
vvs-osb,563,5-vvs031-563
vvs-osb,564,5-vvs031-564
vvs-ovg,911,5-vvs031-911
vvs-ovg,911A,5-vvs031-911a
vvs-ovg,912,5-vvs031-912
vvs-ovg,912A,5-vvs031-912a
vvs-ovg,913,5-vvs031-913
vvs-ovg,913A,5-vvs031-913a
vvs-ovg,914,5-vvs031-914
vvs-ovg,914A,5-vvs031-914a
vvs-ovg,915,5-vvs031-915
vvs-ovg,916,5-vvs031-916
vvs-ovg,916A,5-vvs031-916a
vvs-ovg,917,5-vvs031-917
vvs-ovg,918,5-vvs031-918
vvs-ovg,931,5-vvs031-931
vvs-ovg,931A,5-vvs031-931a
vvs-ovg,932,5-vvs031-932
vvs-ovg,932A,5-vvs031-932a
vvs-ovg,933,5-vvs031-933
vvs-ovg,933A,5-vvs031-933a
vvs-ovg,934,5-vvs031-934
vvs-ovg,934A,5-vvs031-934a
vvs-ovg,935,5-vvs031-935
vvs-ovg,935A,5-vvs031-935a
vvs-ovg,940,5-vvs031-940
vvs-ovg,941,5-vvs031-941
vvs-ovg,941A,5-vvs031-941a
vvs-ovg,942,5-vvs031-942
vvs-ovr,207,5-vvs031-207
vvs-ovr,208,5-vvs031-208
vvs-ovr,209,5-vvs031-209
vvs-ovr,216,5-vvs031-216
vvs-ovr,218,5-vvs031-218
vvs-ovr,578,5-vvs031-578
vvs-ovr,579,5-vvs031-579
vvs-ovr,591A,5-vvs031-591A
vvs-ovr,591,5-vvs031-591
vvs-rab,350,5-rabrab-350
vvs-rab,924,5-rabrab-924
vvs-rab,950,5-rabrab-950
vvs-rab,950A,5-rabrab-950a
vvs-rab,951,5-rabrab-951
vvs-rab,951A,5-rabrab-951a
vvs-rab,957,5-rabrab-957
vvs-rab,958,5-rabrab-958
vvs-rab,958A,5-rabrab-958a
vvs-rab,959,5-rabrab-959
vvs-rab,970,5-rabrab-970
vvs-rab,971,5-rabrab-971
vvs-rab,972,5-rabrab-972
vvs-rab,972A,5-rabrab-972a
vvs-relex,X10,5-vvs035-x10
vvs-relex,X20,5-vvs035-x20
vvs-relex,X60,5-vvs035-x60
vvs-relex,X93,5-vvs035-x93
vvs-ruftaxi,RT92,5-vvs050-rt92
vvs-ruftaxi,RT161,5-vvs050-rt161
vvs-ruftaxi,RT163,5-vvs050-rt163
vvs-ruftaxi,RT165,5-vvs050-rt165
vvs-ruftaxi,RT202,5-vvs050-rt202
vvs-ruftaxi,RT206,5-vvs050-rt206
vvs-ruftaxi,RT217,5-vvs050-rt217
vvs-ruftaxi,RT380,5-vvs050-rt380
vvs-ruftaxi,RT386,5-vvs050-rt386
vvs-ruftaxi,RT413,5-vvs050-rt413
vvs-ruftaxi,RT663,5-vvs050-rt663
vvs-ruftaxi,RT670,5-vvs050-rt670
vvs-ruftaxi,RT753,5-vvs050-rt753
vvs-ruftaxi,RT759,5-vvs050-rt759
vvs-ruftaxi,RT760,5-vvs050-rt760
vvs-ruftaxi,RT763,5-vvs050-rt763
vvs-ruftaxi,RT766,5-vvs050-rt766
vvs-ruftaxi,RT775,5-vvs050-rt775
vvs-ruftaxi,RT779,5-vvs050-rt779
vvs-ruftaxi,RT780,5-vvs050-rt780
vvs-ruftaxi,RT782,5-vvs050-rt782
vvs-ruftaxi,RT783,5-vvs050-rt783
vvs-ruftaxi,RT791,5-vvs050-rt791
vvs-ruftaxi,RT828,5-vvs050-rt828
vvs-ruftaxi,RT904,5-vvs050-rt904
vvs-ruftaxi,RT915,5-vvs050-rt915
vvs-ruftaxi,RT916,5-vvs050-rt916
vvs-ruftaxi,RT917,5-vvs050-rt917
vvs-ruftaxi,RT918,5-vvs050-rt918
vvs-ruftaxi,RT920,5-vvs050-rt920
vvs-ruftaxi,RT922,5-vvs050-rt922
vvs-ruftaxi,RT924,5-vvs050-rt924
vvs-ruftaxi,RT934,5-vvs050-rt934
vvs-ruftaxi,RT935,5-vvs050-rt935
vvs-ruftaxi,RT941,5-vvs050-rt941
vvs-ruftaxi,RT971,5-vvs050-rt971
vvs-ruftaxi,RT982,5-vvs050-rt982
vvs-ruftaxi,RT4,5-vvs050-rt4
vvs-ruftaxi,RT6,5-vvs050-rt6
vvs-ruftaxi,RT7,5-vvs050-rt7
vvs-ruftaxi,RT16,5-vvs050-rt16
vvs-ruftaxi,RT17,5-vvs050-rt17
vvs-ruftaxi,RT37,5-vvs050-rt37
vvs-ruftaxi,RT38,5-vvs050-rt38
vvs-ruftaxi,RT39,5-vvs050-rt39
vvs-ruftaxi,RT46,5-vvs050-rt46
vvs-ruftaxi,RT70,5-vvs050-rt70
vvs-ruftaxi,RTN99,5-vvs050-rtn99
vvs-ruftaxi,RT225,5-vvs050-rt225
vvs-ruftaxi,RT644,5-vvs050-rt644
vvs-schlienz,119,5-vvs031-119
vvs-schlienz,120,5-vvs031-120
vvs-schlienz,121,5-vvs031-121
vvs-schlienz,122,5-vvs031-122
vvs-schlienz,130,5-vvs031-130
vvs-schlienz,131,5-vvs031-131
vvs-schlienz,210,5-vvs031-210
vvs-schlienz,211,5-vvs031-211
vvs-seitter,652,5-vvs031-652
vvs-seitter,653,5-vvs031-653
vvs-seitter,653A,5-vvs031-653A
vvs-seitter,660,5-vvs031-660
vvs-ssb-bus,X2,5-vvs030-x2
vvs-ssb-bus,40,5-vvs030-40
vvs-ssb-bus,41,5-vvs030-41
vvs-ssb-bus,42,5-vvs030-42
vvs-ssb-bus,43,5-vvs030-43
vvs-ssb-bus,44,5-vvs030-44
vvs-ssb-bus,45,5-vvs030-45
vvs-ssb-bus,47,5-vvs030-47
vvs-ssb-bus,50,5-vvs030-50
vvs-ssb-bus,52,5-vvs030-52
vvs-ssb-bus,53,5-vvs030-53
vvs-ssb-bus,54,5-vvs030-54
vvs-ssb-bus,56,5-vvs030-56
vvs-ssb-bus,57,5-vvs030-57
vvs-ssb-bus,58,5-vvs030-58
vvs-ssb-bus,59,5-vvs030-59
vvs-ssb-bus,60,5-vvs030-60
vvs-ssb-bus,61,5-vvs030-61
vvs-ssb-bus,62,5-vvs030-62
vvs-ssb-bus,64,5-vvs030-64
vvs-ssb-bus,65,5-vvs030-65
vvs-ssb-bus,66,5-vvs030-66
vvs-ssb-bus,70,5-vvs030-70
vvs-ssb-bus,71,5-vvs030-71
vvs-ssb-bus,72,5-vvs030-72
vvs-ssb-bus,73,5-vvs030-73
vvs-ssb-bus,74,5-vvs030-74
vvs-ssb-bus,76,5-vvs030-76
vvs-ssb-bus,77,5-vvs030-77
vvs-ssb-bus,80,5-vvs030-80
vvs-ssb-bus,81,5-vvs030-81
vvs-ssb-bus,82,5-vvs030-82
vvs-ssb-bus,84,5-vvs030-84
vvs-ssb-bus,86,5-vvs030-86
vvs-ssb-bus,90,5-vvs030-90
vvs-ssb-bus,91,5-vvs030-91
vvs-ssb-bus,92,5-vvs030-92
vvs-ssb-bus,99,5-vvs030-99
vvs-ssb-nachtbus,N 1,5-vvs033-n1
vvs-ssb-nachtbus,N 2,5-vvs033-n2
vvs-ssb-nachtbus,N 3,5-vvs033-n3
vvs-ssb-nachtbus,N 4,5-vvs033-n4
vvs-ssb-nachtbus,N 5,5-vvs033-n5
vvs-ssb-nachtbus,N 6,5-vvs033-n6
vvs-ssb-nachtbus,N 7,5-vvs033-n7
vvs-ssb-nachtbus,N 8,5-vvs033-n8
vvs-ssb-nachtbus,N 9,5-vvs033-n9
vvs-ssb-nachtbus,N 10,5-vvs033-n10
vvs-ssb-stadtbahn,20,3-vvs021-20
vvs-ssb-stadtbahn,U 1,8-vvs020-u1
vvs-ssb-stadtbahn,U 11,8-vvs020-u11
vvs-ssb-stadtbahn,U 12,8-vvs020-u12
vvs-ssb-stadtbahn,U 13,8-vvs020-u13
vvs-ssb-stadtbahn,U 14,8-vvs020-u14
vvs-ssb-stadtbahn,U 15,8-vvs020-u15
vvs-ssb-stadtbahn,U 16,8-vvs020-u16
vvs-ssb-stadtbahn,U 19,8-vvs020-u19
vvs-ssb-stadtbahn,U 2,8-vvs020-u2
vvs-ssb-stadtbahn,U 3,8-vvs020-u3
vvs-ssb-stadtbahn,U 4,8-vvs020-u4
vvs-ssb-stadtbahn,U 5,8-vvs020-u5
vvs-ssb-stadtbahn,U 6,8-vvs020-u6
vvs-ssb-stadtbahn,U 7,8-vvs020-u7
vvs-ssb-stadtbahn,U 8,8-vvs020-u8
vvs-ssb-stadtbahn,U 9,8-vvs020-u9
vvs-ssb-stadtbahn,10,8-vvs021-10
vvs-sve,101,5-vvs031-101
vvs-sve,102,5-vvs031-102
vvs-sve,103,5-vvs031-103
vvs-sve,104,5-vvs031-104
vvs-sve,105,5-vvs031-105
vvs-sve,106,5-vvs031-106
vvs-sve,108,5-vvs031-108
vvs-sve,109,5-vvs031-109
vvs-sve,110,5-vvs031-110
vvs-sve,111,5-vvs031-111
vvs-sve,113,5-vvs031-113
vvs-sve,114,5-vvs031-114
vvs-sve,114A,5-vvs031-114a
vvs-sve,115,5-vvs031-115
vvs-sve,118,5-vvs031-118
vvs-sve,132,5-vvs031-132
vvs-sve,138,5-vvs031-138
vvs-wbg,508,5-vvs031-508
vvs-wbg,532,5-vvs031-532
vvs-wbg,532A,5-vvs031-532a
vvs-wbg,533,5-vvs031-533
vvs-wbg,533A,5-vvs031-533a
vvs-wbg,534,5-vvs031-534
vvs-wbg,534A,5-vvs031-534a
vvs-wbg,535,5-vvs031-535
vvs-wbg,536,5-vvs031-536
vvs-wbg,536A,5-vvs031-536a
vvs-weg,RB 46,rb46
vvs-weg,RB 47,rb47
vvs-weg,RB 61,rb61
vvs-weg,RB 65,rb65
vvt-db-regio-bayern,S7,4-800790-7
vvt-oebb,cjx1,cjx-1
vvt-oebb,S2,4-81-2-1365196-5198757
vvt-oebb,S3,4-81-3-1268243-5257783
vvt-oebb,S4,4-81-4-1268243-5257783
vvt-oebb,S6,4-81-6
vvt-oebb,S8,4-81-8-1341673-5283199
vvv-montafoner-bahn,S4,4-810003-4
vvv-oebb,S1,4-81-1-1079437-5289939
vvv-oebb,S2,4-81-2-1054446-5247224
vvv-oebb,S3,4-81-3-1072203-5278907
vvv-oebb,R1,r-1
vvv-oebb,R2,r-2
vvv-oebb,R5,r-5
waldbahn-dlb,RB 35,rb35
waldbahn-dlb,RB 36,rb36
waldbahn-dlb,RB 37,rb37
waldbahn-dlb,RB 38,rb38
westfalenbahn,RE 15,re15
westfalenbahn,RE 60,re60
westfalenbahn,RE 70,re70
wt-argegt,N19,5-owl051-n19
wt-argegt,S18,5-owl051-s18
wt-argegt,43,5-owl051-43
wt-argegt,48,5-owl051-48
wt-argegt,59,5-owl051-59
wt-argegt,60,5-owl051-60
wt-argegt,61,5-owl051-61
wt-argegt,62,5-owl051-62
wt-argegt,63,5-owl051-63
wt-argegt,66,5-owl051-66
wt-argegt,70,5-owl051-70
wt-argegt,71,5-owl051-71
wt-argegt,72,5-owl051-72
wt-argegt,73,5-owl051-73
wt-argegt,74,5-owl051-74
wt-argegt,76,5-owl051-76
wt-argegt,77,5-owl051-77
wt-argegt,79,5-owl051-79
wt-argegt,80.1,5-owl051-80-1
wt-argegt,80.2,5-owl050-80-2
wt-argegt,83,5-owl050-83
wt-argegt,84,5-owl050-84
wt-argegt,84.1,5-owl050-84-1
wt-argegt,84.2,5-owl050-84-2
wt-argegt,85,5-owl050-85
wt-argegt,88,5-owl051-88
wt-argegt,89,5-owl050-89
wt-argegt,90,5-owl050-90
wt-argegt,160,5-owl050-160
wt-argegt,190,5-owl050-190
wt-bvo,349,5-owl021-349
wt-bvo,350,5-owl021-350
wt-bvo,351,5-owl021-351
wt-bvo,S60,5-vph082-s60
wt-bvo,S85,5-vph077-s85
wt-bvo,S90,5-vph082-s90
wt-bvo,Sk1,5-vph082-sk1
wt-bvo,Sk2,5-vph082-sk2
wt-bvo,Sk3,5-vph082-sk3
wt-bvo,R10,5-vph076-r10
wt-bvo,R11,5-vph076-r11
wt-bvo,R54,5-vrm028-r54
wt-bvo,R61,5-vph082-r61
wt-bvo,R70,5-vph076-r70
wt-bvo,R71,5-vph076-r71
wt-bvo,R72,5-vph076-r72
wt-bvo,R81,5-vph077-r81
wt-bvo,410,5-vph077-410
wt-bvo,411,5-vph077-411
wt-bvo,431,5-vph077-431
wt-bvo,432,5-vph077-432
wt-bvo,470,5-vph077-470
wt-bvo,471,5-vph077-471
wt-bvo,480,5-vph077-480
wt-bvo,481,5-vph077-481
wt-bvo,485,5-vph077-485
wt-bvo,487,5-vph077-487
wt-bvo,488,5-vph077-488
wt-bvo,489,5-vph077-489
wt-bvo,490,5-vph082-490
wt-bvo,491,5-vph082-491
wt-bvo,492,5-vph082-492
wt-bvo,493,5-vph082-493
wt-bvo,494,5-vph082-494
wt-bvo,507,5-vph082-507
wt-bvo,577,5-vph077-577
wt-bvo,Bür2,5-vph077-bür2
wt-bvo,Bür3,5-vph077-bür3
wt-bvo,Bür4,5-vph077-bür4
wt-bvo,Bür5,5-vph077-bür5
wt-bvo,R31,5-vph076-r31
wt-bvo,W1,5-vph082-w1
wt-bvo,W2,5-vph082-w2
wt-bvo,W3,5-vph082-w3
wt-bvo,W4,5-vph082-w4
wt-go-on,355,5-vph072-355
wt-go-on,420,5-vph072-420
wt-go-on,448,5-vph072-448
wt-go-on,456,5-vph072-456
wt-go-on,524,5-vph072-524
wt-go-on,525,5-vph077-525
wt-go-on,533,5-vph077-533
wt-go-on,552,5-vph077-552
wt-go-on,553,5-vph077-553
wt-go-on,554,5-vph077-554
wt-go-on,555,5-vph077-555
wt-go-on,565,5-vph077-565
wt-go-on,570,5-vph077-570
wt-go-on,571,5-vph077-571
wt-go-on,572,5-vph077-572
wt-go-on,584,5-vph077-584
wt-go-on,585,5-vph077-585
wt-go-on,586,5-vph077-586
wt-go-on,588,5-vph077-588
wt-go-on,590,5-vph071-590
wt-go-on,591,5-vph071-591
wt-go-on,D1,5-vph017-D1
wt-go-on,R20,5-vph071-R205-vph072-r20
wt-go-on,R21,5-vph071-R21
wt-go-on,R22,5-vph071-R22
wt-go-on,R35,5-vph071-R35
wt-go-on,R36,5-vph071-R36
wt-go-on,R37,5-vph071-R37
wt-go-on,R38,5-vph071-R38
wt-go-on,R41,5-vph071-r41
wt-go-on,R42,5-vph071-R42
wt-go-on,R45,5-vph071-r45
wt-go-on,R46,5-vph071-r46
wt-go-on,R50,5-vph072-r50
wt-go-on,R51,5-vph077-r51
wt-go-on,R71,5-vph077-r71
wt-go-on,R75,5-vph077-r75
wt-go-on,R76,5-vph077-r76
wt-go-on,R83,5-vph077-r83
wt-go-on,R91,5-vph077-r91
wt-go-on,S30,5-vph080-s30
wt-go-on,S40,5-vph071-s40
wt-gronemann,R27,5-vph071-r27
wt-gronemann,T27,5-vph071-t27
wt-holibri,HH1,5-vph072-hh1
wt-holibri,HH2,5-vph072-hh2
wt-holibri,HW1,5-vph072-hw1
wt-holibri,HW2,5-vph072-hw2
wt-koehne,776,5-owl022-776
wt-kottenstedte,374,5-vgm037-374
wt-mindenbus,1,5-owl042-1
wt-mindenbus,2,5-owl042-2
wt-mindenbus,3,5-owl042-3
wt-mindenbus,4,5-owl042-4
wt-mindenbus,5,5-owl042-5
wt-mindenbus,6,5-owl042-6
wt-mindenbus,7,5-owl042-7
wt-mindenbus,10,5-owl042-10
wt-mindenbus,10T,5-owl042-10T
wt-mindenbus,12,5-owl042-12
wt-mindenbus,13,5-owl042-13
wt-mindenbus,14,5-owl042-14
wt-mindenbus,15,5-owl042-15
wt-mindenbus,16,5-owl042-16
wt-mindenbus,408,5-owl042-408
wt-mindenbus,414,5-owl042-414
wt-mindenbus,447T,5-owl042-447T
wt-mindenbus,448T,5-owl042-448T
wt-mindenbus,461,5-owl042-461
wt-mindenbus,501,5-owl042-501
wt-mindenbus,507,5-owl042-507
wt-mindenbus,508,5-owl042-508
wt-mindenbus,509,5-owl042-509
wt-mindenbus,510,5-owl042-510
wt-mindenbus,512,5-owl042-512
wt-mindenbus,513,5-owl042-513
wt-mindenbus,600,5-owl042-600
wt-mindenbus,605,5-owl042-605
wt-mindenbus,610,5-owl042-610
wt-mindenbus,611,5-owl042-611
wt-mindenbus,612,5-owl042-612
wt-mindenbus,613,5-owl042-613
wt-mobiel,1,8-owl031-1
wt-mobiel,2,8-owl031-2
wt-mobiel,3,8-owl031-3
wt-mobiel,4,8-owl031-4
wt-mobiel,N1,5-owl032-n1
wt-mobiel,N2,5-owl032-n2
wt-mobiel,N3,5-owl032-n3
wt-mobiel,N4,5-owl032-n4
wt-mobiel,N5,5-owl032-n5
wt-mobiel,N6,5-owl032-n6
wt-mobiel,N7,5-owl032-n7
wt-mobiel,N8,5-owl032-n8
wt-mobiel,N9,5-owl032-n9
wt-mobiel,N11,5-owl032-n11
wt-mobiel,N12,5-owl032-n12
wt-mobiel,N14,5-owl032-n14
wt-mobiel,N15,5-owl032-n15
wt-mobiel,N18,5-owl032-n18
wt-mobiel,S15,5-owl032-s15
wt-mobiel,SEV,5-owl032-sev
wt-mobiel,SEV 3,5-owl032-sev3
wt-mobiel,21,5-owl032-21
wt-mobiel,22,5-owl032-22
wt-mobiel,23,5-owl032-23
wt-mobiel,24,5-owl032-24
wt-mobiel,25,5-owl032-25
wt-mobiel,26,5-owl032-26
wt-mobiel,27,5-owl032-27
wt-mobiel,28,5-owl032-28
wt-mobiel,29,5-owl032-29
wt-mobiel,30,5-owl032-30
wt-mobiel,31,5-owl032-31
wt-mobiel,32,5-owl032-32
wt-mobiel,33,5-owl032-33
wt-mobiel,34,5-owl032-34
wt-mobiel,36,5-owl032-36
wt-mobiel,37,5-owl032-37
wt-mobiel,38,5-owl032-38
wt-mobiel,39,5-owl032-39
wt-mobiel,40,5-owl032-40
wt-mobiel,44,5-owl032-44
wt-mobiel,46,5-owl032-46
wt-mobiel,47,5-owl032-47
wt-mobiel,51,5-owl032-51
wt-mobiel,52,5-owl032-52
wt-mobiel,53,5-owl032-53
wt-mobiel,54,5-owl032-54
wt-mobiel,55,5-owl032-55
wt-mobiel,56,5-owl032-56
wt-mobiel,57,5-owl032-57
wt-mobiel,58,5-owl032-58
wt-mobiel,64,5-owl032-64
wt-mobiel,87,5-owl032-87
wt-mobiel,88,5-owl032-88
wt-mobiel,94,5-owl032-94
wt-mobiel,95,5-owl032-95
wt-mobiel,121,5-owl032-121
wt-mobiel,122,5-owl032-122
wt-mobiel,123,5-owl032-123
wt-mobiel,128,5-owl032-128
wt-mobiel,131,5-owl032-131
wt-mobiel,135,5-owl032-135
wt-mobiel,136,5-owl032-136
wt-mobiel,138,5-owl032-138
wt-mobiel,142,5-owl032-142
wt-mobiel,144,5-owl032-144
wt-mobiel,154,5-owl032-154
wt-mobiel,155,5-owl032-155
wt-mobiel,156,5-owl032-156
wt-mobiel,228,5-owl032-228
wt-mobiel,236,5-owl032-236
wt-mobiel,369,5-owl032-369
wt-nph-ne,NE11,5-vph063-ne11
wt-nph-ne,NE12,5-vph063-ne12
wt-nph-ne,NE13,5-vph063-ne13
wt-nph-ne,NE14,5-vph063-ne14
wt-nph-ne,NE15,5-vph063-ne15
wt-nph-ne,NE16,5-vph063-ne16
wt-nph-ne,NE17,5-vph063-ne17
wt-nph-ne,NE18,5-vph063-ne18
wt-nph-ne,NE19,5-vph063-ne19
wt-nph-ne,NE20,5-vph063-ne20
wt-oeynhauser,BO 1,5-owl043-bo-1
wt-oeynhauser,BO 2,5-owl043-bo-2
wt-oeynhauser,BO 3,5-owl043-bo-3
wt-oeynhauser,BO 4,5-owl043-bo-4
wt-padersprinter,N1,5-vph063-n1
wt-padersprinter,N2,5-vph063-n2
wt-padersprinter,N4,5-vph063-n4
wt-padersprinter,N8,5-vph063-n8
wt-padersprinter,1,5-vph063-1
wt-padersprinter,2,5-vph063-2
wt-padersprinter,3,5-vph063-3
wt-padersprinter,4,5-vph063-4
wt-padersprinter,5,5-vph063-5
wt-padersprinter,6,5-vph063-6
wt-padersprinter,7,5-vph063-7
wt-padersprinter,8,5-vph063-8
wt-padersprinter,9,5-vph063-9
wt-padersprinter,10,5-vph063-10
wt-padersprinter,11,5-vph063-11
wt-padersprinter,12,5-vph063-12
wt-padersprinter,13,5-vph063-13
wt-padersprinter,14,5-vph063-14
wt-padersprinter,16,5-vph063-16
wt-padersprinter,20,5-vph063-20
wt-padersprinter,23,5-vph063-23
wt-padersprinter,42,5-vph063-42
wt-padersprinter,43,5-vph063-43
wt-padersprinter,44,5-vph063-44
wt-padersprinter,45,5-vph063-45
wt-padersprinter,46ALF,9-vph063-46alf
wt-padersprinter,47,5-vph063-47
wt-padersprinter,48,5-vph063-48
wt-padersprinter,100,5-vph063-100
wt-rvm,B1,5-vgm034-b1
wt-rvm,B4,5-vgm034-b4
wt-rvm,B11,5-vgm030-b11
wt-rvm,B12,5-vgm030-b12
wt-rvm,C87,5-vgm030-c87
wt-rvm,R20,5-vgm20-r20
wt-rvm,R21,5-vgm20-r21
wt-rvm,R22,5-vgm20-r22
wt-rvm,R24,5-vgm20-r24
wt-rvm,R26,5-vgm20-r26
wt-rvm,R32,5-vgm20-r32
wt-rvm,R46,5-vgm20-r46
wt-rvm,R51,5-vgm023-r51
wt-rvm,R61,5-vgm023-r61
wt-rvm,R72,5-vgm023-r72
wt-rvm,R75,5-vgm023-r75
wt-rvm,R76,5-vgm023-r76
wt-rvm,R77,5-vgm023-r51
wt-rvm,S10,5-vgm020-s10
wt-rvm,S50,5-vgm020-s50
wt-rvm,S60,5-vgm020-s60
wt-rvm,S70,5-vgm020-S70
wt-rvm,S71,5-vgm020-S71
wt-rvm,S90,5-vgm020-S90
wt-rvm,T10,5-vgm030-t10
wt-rvm,T12,5-vgm030-t12
wt-rvm,T29,5-vgm030-t29
wt-rvm,T65,5-vgm030-t65
wt-rvm,T79,5-vgm030-t79
wt-rvm,T88,5-vgm030-t88
wt-rvm,X80,5-vgm030-x80
wt-rvm,X90,5-vgm030-x90
wt-rvm,473,5-vgm030-473
wt-rvm,474,5-vgm030-474
wt-rvm,770,5-vgm030-770
wt-rvm,772,5-vgm030-772
wt-rvm,773,5-vgm030-773
wt-rvm,774,5-vgm030-774
wt-rvm,783,5-vgm030-783
wt-sbbs,940AL,5-owl026-940al
wt-sbbs,941,5-owl026-941
wt-sbbs,942,5-owl026-942
wt-sbbs,942AL,5-owl026-942al
wt-sbbs,943,5-owl026-943
wt-sbbs,943TB,5-owl026-943tb
wt-sbbs,946TB,5-owl026-946tb
wt-sbbs,947,5-owl026-947
wt-sbbs,947TB,5-owl026-947tb
wt-sbbs,962AL,5-owl026-962al
wt-sbgt,201,5-owl053-201
wt-sbgt,202,5-owl053-202
wt-sbgt,203,5-owl053-203
wt-sbgt,204,5-owl053-204
wt-sbgt,205,5-owl053-205
wt-sbgt,206,5-owl053-206
wt-sbgt,207,5-owl053-207
wt-sbgt,208,5-owl053-208
wt-sbgt,209,5-owl053-209
wt-sbgt,210,5-owl053-210
wt-sbgt,211,5-owl053-211
wt-sbgt,215,5-owl053-215
wt-sbgt,216,5-owl053-216
wt-sbgt,217,5-owl053-217
wt-sbgt,218,5-owl053-218
wt-sbgt,219,5-owl053-219
wt-svh,H1,5-owl046-h1
wt-svh,H2,5-owl046-h2
wt-svh,H3,5-owl046-h3
wt-svh,H4,5-owl046-h4
wt-svh,H5,5-owl046-h5
wt-svh,H6,5-owl046-h6
wt-svh,H7,5-owl046-h7
wt-svh,H8,5-owl046-h8
wt-svh,H9,5-owl046-h9
wt-svh,H10,5-owl046-h10
wt-svh,H11,5-owl046-h11
wt-swms,1,5-vgm013-1
wt-swms,2,5-vgm013-2
wt-swms,4,5-vgm013-4
wt-swms,5,5-vgm013-5
wt-swms,6,5-vgm013-6
wt-swms,7,5-vgm013-7
wt-swms,8,5-vgm013-8
wt-swms,9,5-vgm013-9
wt-swms,10,5-vgm013-10
wt-swms,11,5-vgm013-11
wt-swms,12,5-vgm013-12
wt-swms,13,5-vgm013-13
wt-swms,14,5-vgm013-14
wt-swms,15,5-vgm013-15
wt-swms,16,5-vgm013-16
wt-swms,17,5-vgm013-17
wt-swms,18,5-vgm013-18
wt-swms,19,5-vgm013-19
wt-swms,20,5-vgm013-20
wt-swms,22,5-vgm013-22
wt-swms,33,5-vgm013-33
wt-swms,34,5-vgm013-34
wt-swms,N80,5-vgm013-n80
wt-swms,N81,5-vgm013-n81
wt-swms,N82,5-vgm013-n82
wt-swms,N83,5-vgm013-n83
wt-swms,N84,5-vgm013-n84
wt-swms,N85,5-vgm013-n85
wt-veelker,R62,5-vgm036-r62
wt-veelker,R63,5-vgm036-r63
wt-veelker,R64,5-vgm036-r64
wt-veelker,R73,5-vgm036-r73
wt-veelker,R80,5-vgm036-r80
wt-veelker,R81,5-vgm036-r81
wt-veelker,T17,5-vgm036-t17
wt-veelker,171,5-vgm036-171
wt-veelker,174,5-vgm036-174
wt-veelker,182,5-vgm036-182
wt-veelker,589,5-vgm036-589
wt-veelker,771,5-vgm036-771
wt-veelker,781,5-vgm036-781
wt-veelker,782,5-vgm036-782
wt-vku,D80,5-vgm034-D80
wt-vku,S20,5-vgm034-S20
wt-vku,S30,5-vgm034-S30
wt-wb,B2,5-vgm034-b2
wt-wb,B3,5-vgm034-b3
wt-wb,C7,5-vgm034-c7
wt-wb,C8,5-vgm034-c8
wt-wb,R11,5-vgm034-r11
wt-wb,R15,5-vgm034-r15
wt-wb,S75,5-vgm034-s75
wt-wb,311,5-vgm034-311
wt-wb,312,5-vgm034-312
wt-wb,315,5-vgm034-315
wt-wb,316,5-vgm034-316
wtv-sbg,7314,5-rbgsbg-7314
wtv-sbg,7317,5-rbgsbg-7317
wtv-sbg,7318,5-rbgsbg-7318
wtv-sbg,7319,5-rbgsbg-7319
wtv-sbg,7320,5-rbgsbg-7320
wtv-sbg,7321,5-rbgsbg-7321
wtv-sbg,7322,5-rbgsbg-7322
wtv-sbg,7323,5-rbgsbg-7323
wtv-sbg,7324,5-rbgsbg-7324
wtv-sbg,7325,5-rbgsbg-7325
wtv-sbg,7326,5-rbgsbg-7326
wtv-sbg,7327,5-rbgsbg-7327
wtv-sbg,7328,5-rbgsbg-7328
wtv-sbg,7329,5-rbgsbg-7329
wtv-sbg,7330,5-rbgsbg-7330
wtv-sbg,7331,5-rbgsbg-7331
wtv-sbg,7334,5-rbgsbg-7334
wtv-sbg,7335,5-rbgsbg-7335
wtv-sbg,7336,5-rbgsbg-7336
wtv-sbg,7337,5-rbgsbg-7337
wtv-sbg,7338,5-rbgsbg-7338
wtv-sbg,7339,5-rbgsbg-7339
wtv-sbg,7340,5-rbgsbg-7340
wtv-sbg,7341,5-rbgsbg-7341
wtv-sbg,7342,5-rbgsbg-7342
wtv-sbg,7343,5-rbgsbg-7343
wtv-sbg,7344,5-rbgsbg-7344
wtv-sbg,7345,5-rbgsbg-7345
wtv-sbg,7346,5-rbgsbg-7346
wtv-sbg,7347,5-rbgsbg-7347
wtv-sbg,7348,5-rbgsbg-7348
zvnl-bus,60,5-naslvb-60
zvnl-bus,65,5-naslvb-65
zvnl-bus,70,5-naslvb-70
zvnl-bus,72,5-naslvb-72
zvnl-bus,73,5-naslvb-73
zvnl-bus,74,5-naslvb-74
zvnl-bus,80,5-naslvb-80
zvnl-bus,81,5-naslvb-81
zvnl-bus,82,5-naslvb-82
zvnl-bus,89,5-naslvb-89
zvnl-bus,90,5-naslvb-90
zvnl-bus,N1,5-naslvb-n1
zvnl-bus,N2,5-naslvb-n2
zvnl-bus,N3,5-naslvb-n3
zvnl-bus,N4,5-naslvb-n4
zvnl-bus,N5,5-naslvb-n5
zvnl-bus,N6,5-naslvb-n6
zvnl-bus,N7,5-naslvb-n7
zvnl-bus,N8,5-naslvb-n8
zvnl-bus,N9,5-naslvb-n9
zvnl-bus,N60,5-naslvb-n60
zvnl-tram,1,8-naslvt-1
zvnl-tram,2,8-naslvt-2
zvnl-tram,3,8-naslvt-3
zvnl-tram,4,8-naslvt-4
zvnl-tram,7,8-naslvt-7
zvnl-tram,8,8-naslvt-8
zvnl-tram,9,8-naslvt-9
zvnl-tram,10,8-naslvt-10
zvnl-tram,11,8-naslvt-11
zvnl-tram,12,8-naslvt-12
zvnl-tram,14,8-naslvt-14
zvnl-tram,15,8-naslvt-15
zvnl-tram,16,8-naslvt-16
zvnl-tram,50,8-naslvt-50
zvnl-tram,56,8-naslvt-56
zvnl-tram,N10,8-naslvt-n10
zvnl-tram,N17,8-naslvt-n17
zvon-sv,11,5-von027-11
zvon-sv,12,5-von027-12
zvon-sv,13,5-von027-13
zvon-sv,14,5-von027-14
zvon-sv,15,5-von027-15
zvon-sv,16,5-von027-16
zvon-sv,24,5-von064-24
zvon-sv,1,8-von032-1
zvon-sv,2,8-von032-2
zvon-sv,A,5-von032-a
zvon-sv,B,5-von032-b
zvon-sv,C,5-von032-c
zvon-sv,D,5-von032-d
zvon-sv,E,5-von032-e
zvon-sv,F,5-von032-f
zvon-sv,N,5-von032-n
zvon-sv,3,5-von042-3
zvon-sv,4,5-von042-4
zvon-sv,5,5-von042-5
zvon-sv,6,5-voe028-6
zvon-sv,8,5-von026-8
